Scan Type,Description,Selected,Lock Edit,Vertex Count,Vertex List,Preablation Settings,Ablation Settings,Data
Spot,MT1,1,0,1,"46474.00,48019.00,16183.00",Dosage=1;DwellTime=1.00;LineSpacing=100.00;Laser.Output=100.00;Laser.Fluence=10.59;LineScanMode=1;PassCount=1;Laser.RepRate=7.00;ScanSpeed=5.00;PassEnabled=0;ShotCount=10;SpotSpacing=100.00;Laser.SpotSize=15�m Circle;Laser.SpotRotation=0.00,Dosage=0;DwellTime=1.00;LineSpacing=0.00;Laser.Output=100.00;Laser.Fluence=10.59;LineScanMode=1;PassCount=1;Laser.RepRate=8.00;ScanSpeed=0.00;PassEnabled=1;ShotCount=520;SpotSpacing=0.00;Laser.SpotSize=40�m Circle;Laser.SpotRotation=0.00,
Spot,R331,1,0,1,"44974.00,45680.00,16187.00",Dosage=1;DwellTime=1.00;LineSpacing=100.00;Laser.Output=100.00;Laser.Fluence=10.59;LineScanMode=1;PassCount=1;Laser.RepRate=7.00;ScanSpeed=5.00;PassEnabled=0;ShotCount=10;SpotSpacing=100.00;Laser.SpotSize=15�m Circle;Laser.SpotRotation=0.00,Dosage=0;DwellTime=1.00;LineSpacing=0.00;Laser.Output=100.00;Laser.Fluence=10.59;LineScanMode=1;PassCount=1;Laser.RepRate=8.00;ScanSpeed=0.00;PassEnabled=1;ShotCount=520;SpotSpacing=0.00;Laser.SpotSize=40�m Circle;Laser.SpotRotation=0.00,
Spot,SLF1,1,0,1,"38365.00,48652.50,16187.00",Dosage=1;DwellTime=1.00;LineSpacing=100.00;Laser.Output=100.00;Laser.Fluence=10.59;LineScanMode=1;PassCount=1;Laser.RepRate=7.00;ScanSpeed=5.00;PassEnabled=0;ShotCount=10;SpotSpacing=100.00;Laser.SpotSize=15�m Circle;Laser.SpotRotation=0.00,Dosage=0;DwellTime=1.00;LineSpacing=0.00;Laser.Output=100.00;Laser.Fluence=10.59;LineScanMode=1;PassCount=1;Laser.RepRate=8.00;ScanSpeed=0.00;PassEnabled=1;ShotCount=520;SpotSpacing=0.00;Laser.SpotSize=40�m Circle;Laser.SpotRotation=0.00,
Spot,TEM1,1,0,1,"39754.50,54098.00,16179.00",Dosage=1;DwellTime=1.00;LineSpacing=100.00;Laser.Output=100.00;Laser.Fluence=10.59;LineScanMode=1;PassCount=1;Laser.RepRate=7.00;ScanSpeed=5.00;PassEnabled=0;ShotCount=10;SpotSpacing=100.00;Laser.SpotSize=15�m Circle;Laser.SpotRotation=0.00,Dosage=0;DwellTime=1.00;LineSpacing=0.00;Laser.Output=100.00;Laser.Fluence=10.59;LineScanMode=1;PassCount=1;Laser.RepRate=8.00;ScanSpeed=0.00;PassEnabled=1;ShotCount=520;SpotSpacing=0.00;Laser.SpotSize=40�m Circle;Laser.SpotRotation=0.00,
Spot,FC-11,1,0,1,"42982.00,55477.50,16183.00",Dosage=1;DwellTime=1.00;LineSpacing=100.00;Laser.Output=100.00;Laser.Fluence=10.59;LineScanMode=1;PassCount=1;Laser.RepRate=7.00;ScanSpeed=5.00;PassEnabled=0;ShotCount=10;SpotSpacing=100.00;Laser.SpotSize=15�m Circle;Laser.SpotRotation=0.00,Dosage=0;DwellTime=1.00;LineSpacing=0.00;Laser.Output=100.00;Laser.Fluence=10.59;LineScanMode=1;PassCount=1;Laser.RepRate=8.00;ScanSpeed=0.00;PassEnabled=1;ShotCount=520;SpotSpacing=0.00;Laser.SpotSize=40�m Circle;Laser.SpotRotation=0.00,
Spot,915001,1,0,1,"50180.00,56329.00,16187.00",Dosage=1;DwellTime=1.00;LineSpacing=100.00;Laser.Output=100.00;Laser.Fluence=10.59;LineScanMode=1;PassCount=1;Laser.RepRate=7.00;ScanSpeed=5.00;PassEnabled=0;ShotCount=10;SpotSpacing=100.00;Laser.SpotSize=15�m Circle;Laser.SpotRotation=0.00,Dosage=0;DwellTime=1.00;LineSpacing=0.00;Laser.Output=100.00;Laser.Fluence=10.59;LineScanMode=1;PassCount=1;Laser.RepRate=8.00;ScanSpeed=0.00;PassEnabled=1;ShotCount=520;SpotSpacing=0.00;Laser.SpotSize=40�m Circle;Laser.SpotRotation=0.00,
Spot,PLES1,1,0,1,"51775.00,48640.00,16195.00",Dosage=1;DwellTime=1.00;LineSpacing=100.00;Laser.Output=100.00;Laser.Fluence=10.59;LineScanMode=1;PassCount=1;Laser.RepRate=7.00;ScanSpeed=5.00;PassEnabled=0;ShotCount=10;SpotSpacing=100.00;Laser.SpotSize=15�m Circle;Laser.SpotRotation=0.00,Dosage=0;DwellTime=1.00;LineSpacing=0.00;Laser.Output=100.00;Laser.Fluence=10.59;LineScanMode=1;PassCount=1;Laser.RepRate=8.00;ScanSpeed=0.00;PassEnabled=1;ShotCount=520;SpotSpacing=0.00;Laser.SpotSize=40�m Circle;Laser.SpotRotation=0.00,
Spot,MT2,1,0,1,"46684.00,48116.00,16183.00",Dosage=1;DwellTime=1.00;LineSpacing=100.00;Laser.Output=100.00;Laser.Fluence=10.59;LineScanMode=1;PassCount=1;Laser.RepRate=7.00;ScanSpeed=5.00;PassEnabled=0;ShotCount=10;SpotSpacing=100.00;Laser.SpotSize=15�m Circle;Laser.SpotRotation=0.00,Dosage=0;DwellTime=1.00;LineSpacing=0.00;Laser.Output=100.00;Laser.Fluence=10.59;LineScanMode=1;PassCount=1;Laser.RepRate=8.00;ScanSpeed=0.00;PassEnabled=1;ShotCount=520;SpotSpacing=0.00;Laser.SpotSize=40�m Circle;Laser.SpotRotation=0.00,
Spot,R332,1,0,1,"44894.00,45994.00,16187.00",Dosage=1;DwellTime=1.00;LineSpacing=100.00;Laser.Output=100.00;Laser.Fluence=10.59;LineScanMode=1;PassCount=1;Laser.RepRate=7.00;ScanSpeed=5.00;PassEnabled=0;ShotCount=10;SpotSpacing=100.00;Laser.SpotSize=15�m Circle;Laser.SpotRotation=0.00,Dosage=0;DwellTime=1.00;LineSpacing=0.00;Laser.Output=100.00;Laser.Fluence=10.59;LineScanMode=1;PassCount=1;Laser.RepRate=8.00;ScanSpeed=0.00;PassEnabled=1;ShotCount=520;SpotSpacing=0.00;Laser.SpotSize=40�m Circle;Laser.SpotRotation=0.00,
Spot,SLF2,1,0,1,"38239.50,48725.50,16187.00",Dosage=1;DwellTime=1.00;LineSpacing=100.00;Laser.Output=100.00;Laser.Fluence=10.59;LineScanMode=1;PassCount=1;Laser.RepRate=7.00;ScanSpeed=5.00;PassEnabled=0;ShotCount=10;SpotSpacing=100.00;Laser.SpotSize=15�m Circle;Laser.SpotRotation=0.00,Dosage=0;DwellTime=1.00;LineSpacing=0.00;Laser.Output=100.00;Laser.Fluence=10.59;LineScanMode=1;PassCount=1;Laser.RepRate=8.00;ScanSpeed=0.00;PassEnabled=1;ShotCount=520;SpotSpacing=0.00;Laser.SpotSize=40�m Circle;Laser.SpotRotation=0.00,
Spot,TEM2,1,0,1,"39623.00,54094.50,16179.00",Dosage=1;DwellTime=1.00;LineSpacing=100.00;Laser.Output=100.00;Laser.Fluence=10.59;LineScanMode=1;PassCount=1;Laser.RepRate=7.00;ScanSpeed=5.00;PassEnabled=0;ShotCount=10;SpotSpacing=100.00;Laser.SpotSize=15�m Circle;Laser.SpotRotation=0.00,Dosage=0;DwellTime=1.00;LineSpacing=0.00;Laser.Output=100.00;Laser.Fluence=10.59;LineScanMode=1;PassCount=1;Laser.RepRate=8.00;ScanSpeed=0.00;PassEnabled=1;ShotCount=520;SpotSpacing=0.00;Laser.SpotSize=40�m Circle;Laser.SpotRotation=0.00,
Spot,FC-12,1,0,1,"43181.50,55380.50,16183.00",Dosage=1;DwellTime=1.00;LineSpacing=100.00;Laser.Output=100.00;Laser.Fluence=10.59;LineScanMode=1;PassCount=1;Laser.RepRate=7.00;ScanSpeed=5.00;PassEnabled=0;ShotCount=10;SpotSpacing=100.00;Laser.SpotSize=15�m Circle;Laser.SpotRotation=0.00,Dosage=0;DwellTime=1.00;LineSpacing=0.00;Laser.Output=100.00;Laser.Fluence=10.59;LineScanMode=1;PassCount=1;Laser.RepRate=8.00;ScanSpeed=0.00;PassEnabled=1;ShotCount=520;SpotSpacing=0.00;Laser.SpotSize=40�m Circle;Laser.SpotRotation=0.00,
Spot,915002,1,0,1,"50090.00,56229.00,16187.00",Dosage=1;DwellTime=1.00;LineSpacing=100.00;Laser.Output=100.00;Laser.Fluence=10.59;LineScanMode=1;PassCount=1;Laser.RepRate=7.00;ScanSpeed=5.00;PassEnabled=0;ShotCount=10;SpotSpacing=100.00;Laser.SpotSize=15�m Circle;Laser.SpotRotation=0.00,Dosage=0;DwellTime=1.00;LineSpacing=0.00;Laser.Output=100.00;Laser.Fluence=10.59;LineScanMode=1;PassCount=1;Laser.RepRate=8.00;ScanSpeed=0.00;PassEnabled=1;ShotCount=520;SpotSpacing=0.00;Laser.SpotSize=40�m Circle;Laser.SpotRotation=0.00,
Spot,PLES2,1,0,1,"51794.00,48556.00,16195.00",Dosage=1;DwellTime=1.00;LineSpacing=100.00;Laser.Output=100.00;Laser.Fluence=10.59;LineScanMode=1;PassCount=1;Laser.RepRate=7.00;ScanSpeed=5.00;PassEnabled=0;ShotCount=10;SpotSpacing=100.00;Laser.SpotSize=15�m Circle;Laser.SpotRotation=0.00,Dosage=0;DwellTime=1.00;LineSpacing=0.00;Laser.Output=100.00;Laser.Fluence=10.59;LineScanMode=1;PassCount=1;Laser.RepRate=8.00;ScanSpeed=0.00;PassEnabled=1;ShotCount=520;SpotSpacing=0.00;Laser.SpotSize=40�m Circle;Laser.SpotRotation=0.00,
Spot,K10-1,1,0,1,"8253.00,17676.00,16143.00",Dosage=1;DwellTime=1.00;LineSpacing=100.00;Laser.Output=100.00;Laser.Fluence=10.59;LineScanMode=1;PassCount=1;Laser.RepRate=7.00;ScanSpeed=5.00;PassEnabled=0;ShotCount=10;SpotSpacing=100.00;Laser.SpotSize=15�m Circle;Laser.SpotRotation=0.00,Dosage=0;DwellTime=1.00;LineSpacing=0.00;Laser.Output=100.00;Laser.Fluence=10.59;LineScanMode=1;PassCount=1;Laser.RepRate=8.00;ScanSpeed=0.00;PassEnabled=1;ShotCount=520;SpotSpacing=0.00;Laser.SpotSize=40�m Circle;Laser.SpotRotation=0.00,
Spot,K10-2,1,0,1,"8224.00,17718.00,16143.00",Dosage=1;DwellTime=1.00;LineSpacing=100.00;Laser.Output=100.00;Laser.Fluence=10.59;LineScanMode=1;PassCount=1;Laser.RepRate=7.00;ScanSpeed=5.00;PassEnabled=0;ShotCount=10;SpotSpacing=100.00;Laser.SpotSize=15�m Circle;Laser.SpotRotation=0.00,Dosage=0;DwellTime=1.00;LineSpacing=0.00;Laser.Output=100.00;Laser.Fluence=10.59;LineScanMode=1;PassCount=1;Laser.RepRate=8.00;ScanSpeed=0.00;PassEnabled=1;ShotCount=520;SpotSpacing=0.00;Laser.SpotSize=40�m Circle;Laser.SpotRotation=0.00,
Spot,K10-3,1,0,1,"8349.00,17546.00,16143.00",Dosage=1;DwellTime=1.00;LineSpacing=100.00;Laser.Output=100.00;Laser.Fluence=10.59;LineScanMode=1;PassCount=1;Laser.RepRate=7.00;ScanSpeed=5.00;PassEnabled=0;ShotCount=10;SpotSpacing=100.00;Laser.SpotSize=15�m Circle;Laser.SpotRotation=0.00,Dosage=0;DwellTime=1.00;LineSpacing=0.00;Laser.Output=100.00;Laser.Fluence=10.59;LineScanMode=1;PassCount=1;Laser.RepRate=8.00;ScanSpeed=0.00;PassEnabled=1;ShotCount=520;SpotSpacing=0.00;Laser.SpotSize=40�m Circle;Laser.SpotRotation=0.00,
Spot,K10-4,1,0,1,"8028.44,17549.06,16143.00",Dosage=1;DwellTime=1.00;LineSpacing=100.00;Laser.Output=100.00;Laser.Fluence=10.59;LineScanMode=1;PassCount=1;Laser.RepRate=7.00;ScanSpeed=5.00;PassEnabled=0;ShotCount=10;SpotSpacing=100.00;Laser.SpotSize=15�m Circle;Laser.SpotRotation=0.00,Dosage=0;DwellTime=1.00;LineSpacing=0.00;Laser.Output=100.00;Laser.Fluence=10.59;LineScanMode=1;PassCount=1;Laser.RepRate=8.00;ScanSpeed=0.00;PassEnabled=1;ShotCount=520;SpotSpacing=0.00;Laser.SpotSize=40�m Circle;Laser.SpotRotation=0.00,
Spot,K10-5,1,0,1,"8044.50,17512.00,16143.00",Dosage=1;DwellTime=1.00;LineSpacing=100.00;Laser.Output=100.00;Laser.Fluence=10.59;LineScanMode=1;PassCount=1;Laser.RepRate=7.00;ScanSpeed=5.00;PassEnabled=0;ShotCount=10;SpotSpacing=100.00;Laser.SpotSize=15�m Circle;Laser.SpotRotation=0.00,Dosage=0;DwellTime=1.00;LineSpacing=0.00;Laser.Output=100.00;Laser.Fluence=10.59;LineScanMode=1;PassCount=1;Laser.RepRate=8.00;ScanSpeed=0.00;PassEnabled=1;ShotCount=520;SpotSpacing=0.00;Laser.SpotSize=40�m Circle;Laser.SpotRotation=0.00,
Spot,K10-6,1,0,1,"8072.00,17465.00,16143.00",Dosage=1;DwellTime=1.00;LineSpacing=100.00;Laser.Output=100.00;Laser.Fluence=10.59;LineScanMode=1;PassCount=1;Laser.RepRate=7.00;ScanSpeed=5.00;PassEnabled=0;ShotCount=10;SpotSpacing=100.00;Laser.SpotSize=15�m Circle;Laser.SpotRotation=0.00,Dosage=0;DwellTime=1.00;LineSpacing=0.00;Laser.Output=100.00;Laser.Fluence=10.59;LineScanMode=1;PassCount=1;Laser.RepRate=8.00;ScanSpeed=0.00;PassEnabled=1;ShotCount=520;SpotSpacing=0.00;Laser.SpotSize=40�m Circle;Laser.SpotRotation=0.00,
Spot,K10-7,1,0,1,"8211.00,17494.00,16143.00",Dosage=1;DwellTime=1.00;LineSpacing=100.00;Laser.Output=100.00;Laser.Fluence=10.59;LineScanMode=1;PassCount=1;Laser.RepRate=7.00;ScanSpeed=5.00;PassEnabled=0;ShotCount=10;SpotSpacing=100.00;Laser.SpotSize=15�m Circle;Laser.SpotRotation=0.00,Dosage=0;DwellTime=1.00;LineSpacing=0.00;Laser.Output=100.00;Laser.Fluence=10.59;LineScanMode=1;PassCount=1;Laser.RepRate=8.00;ScanSpeed=0.00;PassEnabled=1;ShotCount=520;SpotSpacing=0.00;Laser.SpotSize=40�m Circle;Laser.SpotRotation=0.00,
Spot,K10-8,1,0,1,"8201.00,17533.50,16143.00",Dosage=1;DwellTime=1.00;LineSpacing=100.00;Laser.Output=100.00;Laser.Fluence=10.59;LineScanMode=1;PassCount=1;Laser.RepRate=7.00;ScanSpeed=5.00;PassEnabled=0;ShotCount=10;SpotSpacing=100.00;Laser.SpotSize=15�m Circle;Laser.SpotRotation=0.00,Dosage=0;DwellTime=1.00;LineSpacing=0.00;Laser.Output=100.00;Laser.Fluence=10.59;LineScanMode=1;PassCount=1;Laser.RepRate=8.00;ScanSpeed=0.00;PassEnabled=1;ShotCount=520;SpotSpacing=0.00;Laser.SpotSize=40�m Circle;Laser.SpotRotation=0.00,
Spot,K10-9,1,0,1,"7885.50,17405.50,16143.00",Dosage=1;DwellTime=1.00;LineSpacing=100.00;Laser.Output=100.00;Laser.Fluence=10.59;LineScanMode=1;PassCount=1;Laser.RepRate=7.00;ScanSpeed=5.00;PassEnabled=0;ShotCount=10;SpotSpacing=100.00;Laser.SpotSize=15�m Circle;Laser.SpotRotation=0.00,Dosage=0;DwellTime=1.00;LineSpacing=0.00;Laser.Output=100.00;Laser.Fluence=10.59;LineScanMode=1;PassCount=1;Laser.RepRate=8.00;ScanSpeed=0.00;PassEnabled=1;ShotCount=520;SpotSpacing=0.00;Laser.SpotSize=40�m Circle;Laser.SpotRotation=0.00,
Spot,K10-10,1,0,1,"7844.50,17462.00,16143.00",Dosage=1;DwellTime=1.00;LineSpacing=100.00;Laser.Output=100.00;Laser.Fluence=10.59;LineScanMode=1;PassCount=1;Laser.RepRate=7.00;ScanSpeed=5.00;PassEnabled=0;ShotCount=10;SpotSpacing=100.00;Laser.SpotSize=15�m Circle;Laser.SpotRotation=0.00,Dosage=0;DwellTime=1.00;LineSpacing=0.00;Laser.Output=100.00;Laser.Fluence=10.59;LineScanMode=1;PassCount=1;Laser.RepRate=8.00;ScanSpeed=0.00;PassEnabled=1;ShotCount=520;SpotSpacing=0.00;Laser.SpotSize=40�m Circle;Laser.SpotRotation=0.00,
Spot,K10-11,1,0,1,"7694.50,17412.00,16143.00",Dosage=1;DwellTime=1.00;LineSpacing=100.00;Laser.Output=100.00;Laser.Fluence=10.59;LineScanMode=1;PassCount=1;Laser.RepRate=7.00;ScanSpeed=5.00;PassEnabled=0;ShotCount=10;SpotSpacing=100.00;Laser.SpotSize=15�m Circle;Laser.SpotRotation=0.00,Dosage=0;DwellTime=1.00;LineSpacing=0.00;Laser.Output=100.00;Laser.Fluence=10.59;LineScanMode=1;PassCount=1;Laser.RepRate=8.00;ScanSpeed=0.00;PassEnabled=1;ShotCount=520;SpotSpacing=0.00;Laser.SpotSize=40�m Circle;Laser.SpotRotation=0.00,
Spot,K10-12,1,0,1,"7694.00,17360.00,16143.00",Dosage=1;DwellTime=1.00;LineSpacing=100.00;Laser.Output=100.00;Laser.Fluence=10.59;LineScanMode=1;PassCount=1;Laser.RepRate=7.00;ScanSpeed=5.00;PassEnabled=0;ShotCount=10;SpotSpacing=100.00;Laser.SpotSize=15�m Circle;Laser.SpotRotation=0.00,Dosage=0;DwellTime=1.00;LineSpacing=0.00;Laser.Output=100.00;Laser.Fluence=10.59;LineScanMode=1;PassCount=1;Laser.RepRate=8.00;ScanSpeed=0.00;PassEnabled=1;ShotCount=520;SpotSpacing=0.00;Laser.SpotSize=40�m Circle;Laser.SpotRotation=0.00,
Spot,K10-13a,1,0,1,"7495.00,17375.50,16143.00",Dosage=1;DwellTime=1.00;LineSpacing=100.00;Laser.Output=100.00;Laser.Fluence=10.59;LineScanMode=1;PassCount=1;Laser.RepRate=7.00;ScanSpeed=5.00;PassEnabled=0;ShotCount=10;SpotSpacing=100.00;Laser.SpotSize=15�m Circle;Laser.SpotRotation=0.00,Dosage=0;DwellTime=1.00;LineSpacing=0.00;Laser.Output=100.00;Laser.Fluence=10.59;LineScanMode=1;PassCount=1;Laser.RepRate=8.00;ScanSpeed=0.00;PassEnabled=1;ShotCount=520;SpotSpacing=0.00;Laser.SpotSize=40�m Circle;Laser.SpotRotation=0.00,
Spot,K10-13b,1,0,1,"7503.00,17317.00,16143.00",Dosage=1;DwellTime=1.00;LineSpacing=100.00;Laser.Output=100.00;Laser.Fluence=10.59;LineScanMode=1;PassCount=1;Laser.RepRate=7.00;ScanSpeed=5.00;PassEnabled=0;ShotCount=10;SpotSpacing=100.00;Laser.SpotSize=15�m Circle;Laser.SpotRotation=0.00,Dosage=0;DwellTime=1.00;LineSpacing=0.00;Laser.Output=100.00;Laser.Fluence=10.59;LineScanMode=1;PassCount=1;Laser.RepRate=8.00;ScanSpeed=0.00;PassEnabled=1;ShotCount=520;SpotSpacing=0.00;Laser.SpotSize=40�m Circle;Laser.SpotRotation=0.00,
Spot,IQ2-1,1,0,1,"12978.50,16488.50,16143.00",Dosage=1;DwellTime=1.00;LineSpacing=100.00;Laser.Output=100.00;Laser.Fluence=10.59;LineScanMode=1;PassCount=1;Laser.RepRate=7.00;ScanSpeed=5.00;PassEnabled=0;ShotCount=10;SpotSpacing=100.00;Laser.SpotSize=15�m Circle;Laser.SpotRotation=0.00,Dosage=0;DwellTime=1.00;LineSpacing=0.00;Laser.Output=100.00;Laser.Fluence=10.59;LineScanMode=1;PassCount=1;Laser.RepRate=8.00;ScanSpeed=0.00;PassEnabled=1;ShotCount=520;SpotSpacing=0.00;Laser.SpotSize=40�m Circle;Laser.SpotRotation=0.00,
Spot,IQ2-2,1,0,1,"12965.00,16433.00,16143.00",Dosage=1;DwellTime=1.00;LineSpacing=100.00;Laser.Output=100.00;Laser.Fluence=10.59;LineScanMode=1;PassCount=1;Laser.RepRate=7.00;ScanSpeed=5.00;PassEnabled=0;ShotCount=10;SpotSpacing=100.00;Laser.SpotSize=15�m Circle;Laser.SpotRotation=0.00,Dosage=0;DwellTime=1.00;LineSpacing=0.00;Laser.Output=100.00;Laser.Fluence=10.59;LineScanMode=1;PassCount=1;Laser.RepRate=8.00;ScanSpeed=0.00;PassEnabled=1;ShotCount=520;SpotSpacing=0.00;Laser.SpotSize=40�m Circle;Laser.SpotRotation=0.00,
Spot,IQ2-3,1,0,1,"13120.50,16522.50,16143.00",Dosage=1;DwellTime=1.00;LineSpacing=100.00;Laser.Output=100.00;Laser.Fluence=10.59;LineScanMode=1;PassCount=1;Laser.RepRate=7.00;ScanSpeed=5.00;PassEnabled=0;ShotCount=10;SpotSpacing=100.00;Laser.SpotSize=15�m Circle;Laser.SpotRotation=0.00,Dosage=0;DwellTime=1.00;LineSpacing=0.00;Laser.Output=100.00;Laser.Fluence=10.59;LineScanMode=1;PassCount=1;Laser.RepRate=8.00;ScanSpeed=0.00;PassEnabled=1;ShotCount=520;SpotSpacing=0.00;Laser.SpotSize=40�m Circle;Laser.SpotRotation=0.00,
Spot,IQ2-4,1,0,1,"12889.00,16229.50,16143.00",Dosage=1;DwellTime=1.00;LineSpacing=100.00;Laser.Output=100.00;Laser.Fluence=10.59;LineScanMode=1;PassCount=1;Laser.RepRate=7.00;ScanSpeed=5.00;PassEnabled=0;ShotCount=10;SpotSpacing=100.00;Laser.SpotSize=15�m Circle;Laser.SpotRotation=0.00,Dosage=0;DwellTime=1.00;LineSpacing=0.00;Laser.Output=100.00;Laser.Fluence=10.59;LineScanMode=1;PassCount=1;Laser.RepRate=8.00;ScanSpeed=0.00;PassEnabled=1;ShotCount=520;SpotSpacing=0.00;Laser.SpotSize=40�m Circle;Laser.SpotRotation=0.00,
Spot,IQ2-5,1,0,1,"12971.00,16644.50,16143.00",Dosage=1;DwellTime=1.00;LineSpacing=100.00;Laser.Output=100.00;Laser.Fluence=10.59;LineScanMode=1;PassCount=1;Laser.RepRate=7.00;ScanSpeed=5.00;PassEnabled=0;ShotCount=10;SpotSpacing=100.00;Laser.SpotSize=15�m Circle;Laser.SpotRotation=0.00,Dosage=0;DwellTime=1.00;LineSpacing=0.00;Laser.Output=100.00;Laser.Fluence=10.59;LineScanMode=1;PassCount=1;Laser.RepRate=8.00;ScanSpeed=0.00;PassEnabled=1;ShotCount=520;SpotSpacing=0.00;Laser.SpotSize=40�m Circle;Laser.SpotRotation=0.00,
Spot,MT3,1,0,1,"47810.00,49195.00,16183.00",Dosage=1;DwellTime=1.00;LineSpacing=100.00;Laser.Output=100.00;Laser.Fluence=10.59;LineScanMode=1;PassCount=1;Laser.RepRate=7.00;ScanSpeed=5.00;PassEnabled=0;ShotCount=10;SpotSpacing=100.00;Laser.SpotSize=15�m Circle;Laser.SpotRotation=0.00,Dosage=0;DwellTime=1.00;LineSpacing=0.00;Laser.Output=100.00;Laser.Fluence=10.59;LineScanMode=1;PassCount=1;Laser.RepRate=8.00;ScanSpeed=0.00;PassEnabled=1;ShotCount=520;SpotSpacing=0.00;Laser.SpotSize=40�m Circle;Laser.SpotRotation=0.00,
Spot,R333,1,0,1,"44622.50,45829.00,16187.00",Dosage=1;DwellTime=1.00;LineSpacing=100.00;Laser.Output=100.00;Laser.Fluence=10.59;LineScanMode=1;PassCount=1;Laser.RepRate=7.00;ScanSpeed=5.00;PassEnabled=0;ShotCount=10;SpotSpacing=100.00;Laser.SpotSize=15�m Circle;Laser.SpotRotation=0.00,Dosage=0;DwellTime=1.00;LineSpacing=0.00;Laser.Output=100.00;Laser.Fluence=10.59;LineScanMode=1;PassCount=1;Laser.RepRate=8.00;ScanSpeed=0.00;PassEnabled=1;ShotCount=520;SpotSpacing=0.00;Laser.SpotSize=40�m Circle;Laser.SpotRotation=0.00,
Spot,SLF3,1,0,1,"38139.50,48772.50,16187.00",Dosage=1;DwellTime=1.00;LineSpacing=100.00;Laser.Output=100.00;Laser.Fluence=10.59;LineScanMode=1;PassCount=1;Laser.RepRate=7.00;ScanSpeed=5.00;PassEnabled=0;ShotCount=10;SpotSpacing=100.00;Laser.SpotSize=15�m Circle;Laser.SpotRotation=0.00,Dosage=0;DwellTime=1.00;LineSpacing=0.00;Laser.Output=100.00;Laser.Fluence=10.59;LineScanMode=1;PassCount=1;Laser.RepRate=8.00;ScanSpeed=0.00;PassEnabled=1;ShotCount=520;SpotSpacing=0.00;Laser.SpotSize=40�m Circle;Laser.SpotRotation=0.00,
Spot,TEM3,1,0,1,"39790.00,53992.00,16179.00",Dosage=1;DwellTime=1.00;LineSpacing=100.00;Laser.Output=100.00;Laser.Fluence=10.59;LineScanMode=1;PassCount=1;Laser.RepRate=7.00;ScanSpeed=5.00;PassEnabled=0;ShotCount=10;SpotSpacing=100.00;Laser.SpotSize=15�m Circle;Laser.SpotRotation=0.00,Dosage=0;DwellTime=1.00;LineSpacing=0.00;Laser.Output=100.00;Laser.Fluence=10.59;LineScanMode=1;PassCount=1;Laser.RepRate=8.00;ScanSpeed=0.00;PassEnabled=1;ShotCount=520;SpotSpacing=0.00;Laser.SpotSize=40�m Circle;Laser.SpotRotation=0.00,
Spot,FC-13,1,0,1,"43337.00,55381.00,16183.00",Dosage=1;DwellTime=1.00;LineSpacing=100.00;Laser.Output=100.00;Laser.Fluence=10.59;LineScanMode=1;PassCount=1;Laser.RepRate=7.00;ScanSpeed=5.00;PassEnabled=0;ShotCount=10;SpotSpacing=100.00;Laser.SpotSize=15�m Circle;Laser.SpotRotation=0.00,Dosage=0;DwellTime=1.00;LineSpacing=0.00;Laser.Output=100.00;Laser.Fluence=10.59;LineScanMode=1;PassCount=1;Laser.RepRate=8.00;ScanSpeed=0.00;PassEnabled=1;ShotCount=520;SpotSpacing=0.00;Laser.SpotSize=40�m Circle;Laser.SpotRotation=0.00,
Spot,915003,1,0,1,"49909.00,56097.50,16187.00",Dosage=1;DwellTime=1.00;LineSpacing=100.00;Laser.Output=100.00;Laser.Fluence=10.59;LineScanMode=1;PassCount=1;Laser.RepRate=7.00;ScanSpeed=5.00;PassEnabled=0;ShotCount=10;SpotSpacing=100.00;Laser.SpotSize=15�m Circle;Laser.SpotRotation=0.00,Dosage=0;DwellTime=1.00;LineSpacing=0.00;Laser.Output=100.00;Laser.Fluence=10.59;LineScanMode=1;PassCount=1;Laser.RepRate=8.00;ScanSpeed=0.00;PassEnabled=1;ShotCount=520;SpotSpacing=0.00;Laser.SpotSize=40�m Circle;Laser.SpotRotation=0.00,
Spot,PLES3,1,0,1,"51966.50,48522.50,16195.00",Dosage=1;DwellTime=1.00;LineSpacing=100.00;Laser.Output=100.00;Laser.Fluence=10.59;LineScanMode=1;PassCount=1;Laser.RepRate=7.00;ScanSpeed=5.00;PassEnabled=0;ShotCount=10;SpotSpacing=100.00;Laser.SpotSize=15�m Circle;Laser.SpotRotation=0.00,Dosage=0;DwellTime=1.00;LineSpacing=0.00;Laser.Output=100.00;Laser.Fluence=10.59;LineScanMode=1;PassCount=1;Laser.RepRate=8.00;ScanSpeed=0.00;PassEnabled=1;ShotCount=520;SpotSpacing=0.00;Laser.SpotSize=40�m Circle;Laser.SpotRotation=0.00,
Spot,IQ1-1,1,0,1,"14432.50,15595.50,16143.00",Dosage=1;DwellTime=1.00;LineSpacing=100.00;Laser.Output=100.00;Laser.Fluence=10.59;LineScanMode=1;PassCount=1;Laser.RepRate=7.00;ScanSpeed=5.00;PassEnabled=0;ShotCount=10;SpotSpacing=100.00;Laser.SpotSize=15�m Circle;Laser.SpotRotation=0.00,Dosage=0;DwellTime=1.00;LineSpacing=0.00;Laser.Output=100.00;Laser.Fluence=10.59;LineScanMode=1;PassCount=1;Laser.RepRate=8.00;ScanSpeed=0.00;PassEnabled=1;ShotCount=520;SpotSpacing=0.00;Laser.SpotSize=40�m Circle;Laser.SpotRotation=0.00,
Spot,IQ1-2,1,0,1,"15161.50,15322.00,16143.00",Dosage=1;DwellTime=1.00;LineSpacing=100.00;Laser.Output=100.00;Laser.Fluence=10.59;LineScanMode=1;PassCount=1;Laser.RepRate=7.00;ScanSpeed=5.00;PassEnabled=0;ShotCount=10;SpotSpacing=100.00;Laser.SpotSize=15�m Circle;Laser.SpotRotation=0.00,Dosage=0;DwellTime=1.00;LineSpacing=0.00;Laser.Output=100.00;Laser.Fluence=10.59;LineScanMode=1;PassCount=1;Laser.RepRate=8.00;ScanSpeed=0.00;PassEnabled=1;ShotCount=520;SpotSpacing=0.00;Laser.SpotSize=40�m Circle;Laser.SpotRotation=0.00,
Spot,IQ1-3,1,0,1,"15594.50,15502.00,16143.00",Dosage=1;DwellTime=1.00;LineSpacing=100.00;Laser.Output=100.00;Laser.Fluence=10.59;LineScanMode=1;PassCount=1;Laser.RepRate=7.00;ScanSpeed=5.00;PassEnabled=0;ShotCount=10;SpotSpacing=100.00;Laser.SpotSize=15�m Circle;Laser.SpotRotation=0.00,Dosage=0;DwellTime=1.00;LineSpacing=0.00;Laser.Output=100.00;Laser.Fluence=10.59;LineScanMode=1;PassCount=1;Laser.RepRate=8.00;ScanSpeed=0.00;PassEnabled=1;ShotCount=520;SpotSpacing=0.00;Laser.SpotSize=40�m Circle;Laser.SpotRotation=0.00,
Spot,IQ1-4,1,0,1,"15494.00,15530.00,16143.00",Dosage=1;DwellTime=1.00;LineSpacing=100.00;Laser.Output=100.00;Laser.Fluence=10.59;LineScanMode=1;PassCount=1;Laser.RepRate=7.00;ScanSpeed=5.00;PassEnabled=0;ShotCount=10;SpotSpacing=100.00;Laser.SpotSize=15�m Circle;Laser.SpotRotation=0.00,Dosage=0;DwellTime=1.00;LineSpacing=0.00;Laser.Output=100.00;Laser.Fluence=10.59;LineScanMode=1;PassCount=1;Laser.RepRate=8.00;ScanSpeed=0.00;PassEnabled=1;ShotCount=520;SpotSpacing=0.00;Laser.SpotSize=40�m Circle;Laser.SpotRotation=0.00,
Spot,IQ1-5,1,0,1,"15505.00,15044.00,16143.00",Dosage=1;DwellTime=1.00;LineSpacing=100.00;Laser.Output=100.00;Laser.Fluence=10.59;LineScanMode=1;PassCount=1;Laser.RepRate=7.00;ScanSpeed=5.00;PassEnabled=0;ShotCount=10;SpotSpacing=100.00;Laser.SpotSize=15�m Circle;Laser.SpotRotation=0.00,Dosage=0;DwellTime=1.00;LineSpacing=0.00;Laser.Output=100.00;Laser.Fluence=10.59;LineScanMode=1;PassCount=1;Laser.RepRate=8.00;ScanSpeed=0.00;PassEnabled=1;ShotCount=520;SpotSpacing=0.00;Laser.SpotSize=40�m Circle;Laser.SpotRotation=0.00,
Spot,K1-1,1,0,1,"16129.50,16310.50,16159.00",Dosage=1;DwellTime=1.00;LineSpacing=100.00;Laser.Output=100.00;Laser.Fluence=10.59;LineScanMode=1;PassCount=1;Laser.RepRate=7.00;ScanSpeed=5.00;PassEnabled=0;ShotCount=10;SpotSpacing=100.00;Laser.SpotSize=15�m Circle;Laser.SpotRotation=0.00,Dosage=0;DwellTime=1.00;LineSpacing=0.00;Laser.Output=100.00;Laser.Fluence=10.59;LineScanMode=1;PassCount=1;Laser.RepRate=8.00;ScanSpeed=0.00;PassEnabled=1;ShotCount=520;SpotSpacing=0.00;Laser.SpotSize=40�m Circle;Laser.SpotRotation=0.00,
Spot,K1-2,1,0,1,"16390.50,16593.00,16159.00",Dosage=1;DwellTime=1.00;LineSpacing=100.00;Laser.Output=100.00;Laser.Fluence=10.59;LineScanMode=1;PassCount=1;Laser.RepRate=7.00;ScanSpeed=5.00;PassEnabled=0;ShotCount=10;SpotSpacing=100.00;Laser.SpotSize=15�m Circle;Laser.SpotRotation=0.00,Dosage=0;DwellTime=1.00;LineSpacing=0.00;Laser.Output=100.00;Laser.Fluence=10.59;LineScanMode=1;PassCount=1;Laser.RepRate=8.00;ScanSpeed=0.00;PassEnabled=1;ShotCount=520;SpotSpacing=0.00;Laser.SpotSize=40�m Circle;Laser.SpotRotation=0.00,
Spot,K1-3,1,0,1,"15914.50,16732.50,16159.00",Dosage=1;DwellTime=1.00;LineSpacing=100.00;Laser.Output=100.00;Laser.Fluence=10.59;LineScanMode=1;PassCount=1;Laser.RepRate=7.00;ScanSpeed=5.00;PassEnabled=0;ShotCount=10;SpotSpacing=100.00;Laser.SpotSize=15�m Circle;Laser.SpotRotation=0.00,Dosage=0;DwellTime=1.00;LineSpacing=0.00;Laser.Output=100.00;Laser.Fluence=10.59;LineScanMode=1;PassCount=1;Laser.RepRate=8.00;ScanSpeed=0.00;PassEnabled=1;ShotCount=520;SpotSpacing=0.00;Laser.SpotSize=40�m Circle;Laser.SpotRotation=0.00,
Spot,K1-4,1,0,1,"15870.50,16695.00,16159.00",Dosage=1;DwellTime=1.00;LineSpacing=100.00;Laser.Output=100.00;Laser.Fluence=10.59;LineScanMode=1;PassCount=1;Laser.RepRate=7.00;ScanSpeed=5.00;PassEnabled=0;ShotCount=10;SpotSpacing=100.00;Laser.SpotSize=15�m Circle;Laser.SpotRotation=0.00,Dosage=0;DwellTime=1.00;LineSpacing=0.00;Laser.Output=100.00;Laser.Fluence=10.59;LineScanMode=1;PassCount=1;Laser.RepRate=8.00;ScanSpeed=0.00;PassEnabled=1;ShotCount=520;SpotSpacing=0.00;Laser.SpotSize=40�m Circle;Laser.SpotRotation=0.00,
Spot,K1-5,1,0,1,"15696.50,16571.00,16159.00",Dosage=1;DwellTime=1.00;LineSpacing=100.00;Laser.Output=100.00;Laser.Fluence=10.59;LineScanMode=1;PassCount=1;Laser.RepRate=7.00;ScanSpeed=5.00;PassEnabled=0;ShotCount=10;SpotSpacing=100.00;Laser.SpotSize=15�m Circle;Laser.SpotRotation=0.00,Dosage=0;DwellTime=1.00;LineSpacing=0.00;Laser.Output=100.00;Laser.Fluence=10.59;LineScanMode=1;PassCount=1;Laser.RepRate=8.00;ScanSpeed=0.00;PassEnabled=1;ShotCount=520;SpotSpacing=0.00;Laser.SpotSize=40�m Circle;Laser.SpotRotation=0.00,
Spot,K1-6,1,0,1,"15621.50,16589.50,16159.00",Dosage=1;DwellTime=1.00;LineSpacing=100.00;Laser.Output=100.00;Laser.Fluence=10.59;LineScanMode=1;PassCount=1;Laser.RepRate=7.00;ScanSpeed=5.00;PassEnabled=0;ShotCount=10;SpotSpacing=100.00;Laser.SpotSize=15�m Circle;Laser.SpotRotation=0.00,Dosage=0;DwellTime=1.00;LineSpacing=0.00;Laser.Output=100.00;Laser.Fluence=10.59;LineScanMode=1;PassCount=1;Laser.RepRate=8.00;ScanSpeed=0.00;PassEnabled=1;ShotCount=520;SpotSpacing=0.00;Laser.SpotSize=40�m Circle;Laser.SpotRotation=0.00,
Spot,M17-1,1,0,1,"15280.50,17576.00,16159.00",Dosage=1;DwellTime=1.00;LineSpacing=100.00;Laser.Output=100.00;Laser.Fluence=10.59;LineScanMode=1;PassCount=1;Laser.RepRate=7.00;ScanSpeed=5.00;PassEnabled=0;ShotCount=10;SpotSpacing=100.00;Laser.SpotSize=15�m Circle;Laser.SpotRotation=0.00,Dosage=0;DwellTime=1.00;LineSpacing=0.00;Laser.Output=100.00;Laser.Fluence=10.59;LineScanMode=1;PassCount=1;Laser.RepRate=8.00;ScanSpeed=0.00;PassEnabled=1;ShotCount=520;SpotSpacing=0.00;Laser.SpotSize=40�m Circle;Laser.SpotRotation=0.00,
Spot,M17-2,1,0,1,"15269.00,17617.00,16159.00",Dosage=1;DwellTime=1.00;LineSpacing=100.00;Laser.Output=100.00;Laser.Fluence=10.59;LineScanMode=1;PassCount=1;Laser.RepRate=7.00;ScanSpeed=5.00;PassEnabled=0;ShotCount=10;SpotSpacing=100.00;Laser.SpotSize=15�m Circle;Laser.SpotRotation=0.00,Dosage=0;DwellTime=1.00;LineSpacing=0.00;Laser.Output=100.00;Laser.Fluence=10.59;LineScanMode=1;PassCount=1;Laser.RepRate=8.00;ScanSpeed=0.00;PassEnabled=1;ShotCount=520;SpotSpacing=0.00;Laser.SpotSize=40�m Circle;Laser.SpotRotation=0.00,
Spot,M29-1,1,0,1,"7922.50,18084.00,16143.00",Dosage=1;DwellTime=1.00;LineSpacing=100.00;Laser.Output=100.00;Laser.Fluence=10.59;LineScanMode=1;PassCount=1;Laser.RepRate=7.00;ScanSpeed=5.00;PassEnabled=0;ShotCount=10;SpotSpacing=100.00;Laser.SpotSize=15�m Circle;Laser.SpotRotation=0.00,Dosage=0;DwellTime=1.00;LineSpacing=0.00;Laser.Output=100.00;Laser.Fluence=10.59;LineScanMode=1;PassCount=1;Laser.RepRate=8.00;ScanSpeed=0.00;PassEnabled=1;ShotCount=520;SpotSpacing=0.00;Laser.SpotSize=40�m Circle;Laser.SpotRotation=0.00,
Spot,M29-2,1,0,1,"7784.00,18134.50,16143.00",Dosage=1;DwellTime=1.00;LineSpacing=100.00;Laser.Output=100.00;Laser.Fluence=10.59;LineScanMode=1;PassCount=1;Laser.RepRate=7.00;ScanSpeed=5.00;PassEnabled=0;ShotCount=10;SpotSpacing=100.00;Laser.SpotSize=15�m Circle;Laser.SpotRotation=0.00,Dosage=0;DwellTime=1.00;LineSpacing=0.00;Laser.Output=100.00;Laser.Fluence=10.59;LineScanMode=1;PassCount=1;Laser.RepRate=8.00;ScanSpeed=0.00;PassEnabled=1;ShotCount=520;SpotSpacing=0.00;Laser.SpotSize=40�m Circle;Laser.SpotRotation=0.00,
Spot,M29-3,1,0,1,"8027.50,18195.00,16143.00",Dosage=1;DwellTime=1.00;LineSpacing=100.00;Laser.Output=100.00;Laser.Fluence=10.59;LineScanMode=1;PassCount=1;Laser.RepRate=7.00;ScanSpeed=5.00;PassEnabled=0;ShotCount=10;SpotSpacing=100.00;Laser.SpotSize=15�m Circle;Laser.SpotRotation=0.00,Dosage=0;DwellTime=1.00;LineSpacing=0.00;Laser.Output=100.00;Laser.Fluence=10.59;LineScanMode=1;PassCount=1;Laser.RepRate=8.00;ScanSpeed=0.00;PassEnabled=1;ShotCount=520;SpotSpacing=0.00;Laser.SpotSize=40�m Circle;Laser.SpotRotation=0.00,
Spot,M29-4,1,0,1,"8011.50,18445.00,16143.00",Dosage=1;DwellTime=1.00;LineSpacing=100.00;Laser.Output=100.00;Laser.Fluence=10.59;LineScanMode=1;PassCount=1;Laser.RepRate=7.00;ScanSpeed=5.00;PassEnabled=0;ShotCount=10;SpotSpacing=100.00;Laser.SpotSize=15�m Circle;Laser.SpotRotation=0.00,Dosage=0;DwellTime=1.00;LineSpacing=0.00;Laser.Output=100.00;Laser.Fluence=10.59;LineScanMode=1;PassCount=1;Laser.RepRate=8.00;ScanSpeed=0.00;PassEnabled=1;ShotCount=520;SpotSpacing=0.00;Laser.SpotSize=40�m Circle;Laser.SpotRotation=0.00,
Spot,R3-3-1,1,0,1,"14694.00,13913.00,16151.00",Dosage=1;DwellTime=1.00;LineSpacing=100.00;Laser.Output=100.00;Laser.Fluence=10.59;LineScanMode=1;PassCount=1;Laser.RepRate=7.00;ScanSpeed=5.00;PassEnabled=0;ShotCount=10;SpotSpacing=100.00;Laser.SpotSize=15�m Circle;Laser.SpotRotation=0.00,Dosage=0;DwellTime=1.00;LineSpacing=0.00;Laser.Output=100.00;Laser.Fluence=10.59;LineScanMode=1;PassCount=1;Laser.RepRate=8.00;ScanSpeed=0.00;PassEnabled=1;ShotCount=520;SpotSpacing=0.00;Laser.SpotSize=40�m Circle;Laser.SpotRotation=0.00,
Spot,R3-3-2,1,0,1,"14961.50,14154.50,16151.00",Dosage=1;DwellTime=1.00;LineSpacing=100.00;Laser.Output=100.00;Laser.Fluence=10.59;LineScanMode=1;PassCount=1;Laser.RepRate=7.00;ScanSpeed=5.00;PassEnabled=0;ShotCount=10;SpotSpacing=100.00;Laser.SpotSize=15�m Circle;Laser.SpotRotation=0.00,Dosage=0;DwellTime=1.00;LineSpacing=0.00;Laser.Output=100.00;Laser.Fluence=10.59;LineScanMode=1;PassCount=1;Laser.RepRate=8.00;ScanSpeed=0.00;PassEnabled=1;ShotCount=520;SpotSpacing=0.00;Laser.SpotSize=40�m Circle;Laser.SpotRotation=0.00,
Spot,R3-3-3,1,0,1,"14982.50,14389.50,16151.00",Dosage=1;DwellTime=1.00;LineSpacing=100.00;Laser.Output=100.00;Laser.Fluence=10.59;LineScanMode=1;PassCount=1;Laser.RepRate=7.00;ScanSpeed=5.00;PassEnabled=0;ShotCount=10;SpotSpacing=100.00;Laser.SpotSize=15�m Circle;Laser.SpotRotation=0.00,Dosage=0;DwellTime=1.00;LineSpacing=0.00;Laser.Output=100.00;Laser.Fluence=10.59;LineScanMode=1;PassCount=1;Laser.RepRate=8.00;ScanSpeed=0.00;PassEnabled=1;ShotCount=520;SpotSpacing=0.00;Laser.SpotSize=40�m Circle;Laser.SpotRotation=0.00,
Spot,R3-3-4,1,0,1,"14605.50,14523.00,16151.00",Dosage=1;DwellTime=1.00;LineSpacing=100.00;Laser.Output=100.00;Laser.Fluence=10.59;LineScanMode=1;PassCount=1;Laser.RepRate=7.00;ScanSpeed=5.00;PassEnabled=0;ShotCount=10;SpotSpacing=100.00;Laser.SpotSize=15�m Circle;Laser.SpotRotation=0.00,Dosage=0;DwellTime=1.00;LineSpacing=0.00;Laser.Output=100.00;Laser.Fluence=10.59;LineScanMode=1;PassCount=1;Laser.RepRate=8.00;ScanSpeed=0.00;PassEnabled=1;ShotCount=520;SpotSpacing=0.00;Laser.SpotSize=40�m Circle;Laser.SpotRotation=0.00,
Spot,R3-3-5,1,0,1,"14663.50,14768.00,16151.00",Dosage=1;DwellTime=1.00;LineSpacing=100.00;Laser.Output=100.00;Laser.Fluence=10.59;LineScanMode=1;PassCount=1;Laser.RepRate=7.00;ScanSpeed=5.00;PassEnabled=0;ShotCount=10;SpotSpacing=100.00;Laser.SpotSize=15�m Circle;Laser.SpotRotation=0.00,Dosage=0;DwellTime=1.00;LineSpacing=0.00;Laser.Output=100.00;Laser.Fluence=10.59;LineScanMode=1;PassCount=1;Laser.RepRate=8.00;ScanSpeed=0.00;PassEnabled=1;ShotCount=520;SpotSpacing=0.00;Laser.SpotSize=40�m Circle;Laser.SpotRotation=0.00,
Spot,MT4,1,0,1,"46922.50,49697.50,16183.00",Dosage=1;DwellTime=1.00;LineSpacing=100.00;Laser.Output=100.00;Laser.Fluence=10.59;LineScanMode=1;PassCount=1;Laser.RepRate=7.00;ScanSpeed=5.00;PassEnabled=0;ShotCount=10;SpotSpacing=100.00;Laser.SpotSize=15�m Circle;Laser.SpotRotation=0.00,Dosage=0;DwellTime=1.00;LineSpacing=0.00;Laser.Output=100.00;Laser.Fluence=10.59;LineScanMode=1;PassCount=1;Laser.RepRate=8.00;ScanSpeed=0.00;PassEnabled=1;ShotCount=520;SpotSpacing=0.00;Laser.SpotSize=40�m Circle;Laser.SpotRotation=0.00,
Spot,R334,1,0,1,"45010.00,45950.00,16187.00",Dosage=1;DwellTime=1.00;LineSpacing=100.00;Laser.Output=100.00;Laser.Fluence=10.59;LineScanMode=1;PassCount=1;Laser.RepRate=7.00;ScanSpeed=5.00;PassEnabled=0;ShotCount=10;SpotSpacing=100.00;Laser.SpotSize=15�m Circle;Laser.SpotRotation=0.00,Dosage=0;DwellTime=1.00;LineSpacing=0.00;Laser.Output=100.00;Laser.Fluence=10.59;LineScanMode=1;PassCount=1;Laser.RepRate=8.00;ScanSpeed=0.00;PassEnabled=1;ShotCount=520;SpotSpacing=0.00;Laser.SpotSize=40�m Circle;Laser.SpotRotation=0.00,
Spot,SLF4,1,0,1,"38122.00,48892.50,16187.00",Dosage=1;DwellTime=1.00;LineSpacing=100.00;Laser.Output=100.00;Laser.Fluence=10.59;LineScanMode=1;PassCount=1;Laser.RepRate=7.00;ScanSpeed=5.00;PassEnabled=0;ShotCount=10;SpotSpacing=100.00;Laser.SpotSize=15�m Circle;Laser.SpotRotation=0.00,Dosage=0;DwellTime=1.00;LineSpacing=0.00;Laser.Output=100.00;Laser.Fluence=10.59;LineScanMode=1;PassCount=1;Laser.RepRate=8.00;ScanSpeed=0.00;PassEnabled=1;ShotCount=520;SpotSpacing=0.00;Laser.SpotSize=40�m Circle;Laser.SpotRotation=0.00,
Spot,TEM4,1,0,1,"39729.00,53894.00,16179.00",Dosage=1;DwellTime=1.00;LineSpacing=100.00;Laser.Output=100.00;Laser.Fluence=10.59;LineScanMode=1;PassCount=1;Laser.RepRate=7.00;ScanSpeed=5.00;PassEnabled=0;ShotCount=10;SpotSpacing=100.00;Laser.SpotSize=15�m Circle;Laser.SpotRotation=0.00,Dosage=0;DwellTime=1.00;LineSpacing=0.00;Laser.Output=100.00;Laser.Fluence=10.59;LineScanMode=1;PassCount=1;Laser.RepRate=8.00;ScanSpeed=0.00;PassEnabled=1;ShotCount=520;SpotSpacing=0.00;Laser.SpotSize=40�m Circle;Laser.SpotRotation=0.00,
Spot,FC-14,1,0,1,"43595.00,55285.00,16183.00",Dosage=1;DwellTime=1.00;LineSpacing=100.00;Laser.Output=100.00;Laser.Fluence=10.59;LineScanMode=1;PassCount=1;Laser.RepRate=7.00;ScanSpeed=5.00;PassEnabled=0;ShotCount=10;SpotSpacing=100.00;Laser.SpotSize=15�m Circle;Laser.SpotRotation=0.00,Dosage=0;DwellTime=1.00;LineSpacing=0.00;Laser.Output=100.00;Laser.Fluence=10.59;LineScanMode=1;PassCount=1;Laser.RepRate=8.00;ScanSpeed=0.00;PassEnabled=1;ShotCount=520;SpotSpacing=0.00;Laser.SpotSize=40�m Circle;Laser.SpotRotation=0.00,
Spot,915004,1,0,1,"50431.50,56217.50,16187.00",Dosage=1;DwellTime=1.00;LineSpacing=100.00;Laser.Output=100.00;Laser.Fluence=10.59;LineScanMode=1;PassCount=1;Laser.RepRate=7.00;ScanSpeed=5.00;PassEnabled=0;ShotCount=10;SpotSpacing=100.00;Laser.SpotSize=15�m Circle;Laser.SpotRotation=0.00,Dosage=0;DwellTime=1.00;LineSpacing=0.00;Laser.Output=100.00;Laser.Fluence=10.59;LineScanMode=1;PassCount=1;Laser.RepRate=8.00;ScanSpeed=0.00;PassEnabled=1;ShotCount=520;SpotSpacing=0.00;Laser.SpotSize=40�m Circle;Laser.SpotRotation=0.00,
Spot,PLES4,1,0,1,"52080.00,48680.00,16195.00",Dosage=1;DwellTime=1.00;LineSpacing=100.00;Laser.Output=100.00;Laser.Fluence=10.59;LineScanMode=1;PassCount=1;Laser.RepRate=7.00;ScanSpeed=5.00;PassEnabled=0;ShotCount=10;SpotSpacing=100.00;Laser.SpotSize=15�m Circle;Laser.SpotRotation=0.00,Dosage=0;DwellTime=1.00;LineSpacing=0.00;Laser.Output=100.00;Laser.Fluence=10.59;LineScanMode=1;PassCount=1;Laser.RepRate=8.00;ScanSpeed=0.00;PassEnabled=1;ShotCount=520;SpotSpacing=0.00;Laser.SpotSize=40�m Circle;Laser.SpotRotation=0.00,
Spot,T48-1,1,0,1,"9187.50,17708.00,16131.00",Dosage=1;DwellTime=1.00;LineSpacing=100.00;Laser.Output=100.00;Laser.Fluence=10.59;LineScanMode=1;PassCount=1;Laser.RepRate=7.00;ScanSpeed=5.00;PassEnabled=0;ShotCount=10;SpotSpacing=100.00;Laser.SpotSize=15�m Circle;Laser.SpotRotation=0.00,Dosage=0;DwellTime=1.00;LineSpacing=0.00;Laser.Output=100.00;Laser.Fluence=10.59;LineScanMode=1;PassCount=1;Laser.RepRate=8.00;ScanSpeed=0.00;PassEnabled=1;ShotCount=520;SpotSpacing=0.00;Laser.SpotSize=40�m Circle;Laser.SpotRotation=0.00,
Spot,T48-2,1,0,1,"9237.00,17638.00,16131.00",Dosage=1;DwellTime=1.00;LineSpacing=100.00;Laser.Output=100.00;Laser.Fluence=10.59;LineScanMode=1;PassCount=1;Laser.RepRate=7.00;ScanSpeed=5.00;PassEnabled=0;ShotCount=10;SpotSpacing=100.00;Laser.SpotSize=15�m Circle;Laser.SpotRotation=0.00,Dosage=0;DwellTime=1.00;LineSpacing=0.00;Laser.Output=100.00;Laser.Fluence=10.59;LineScanMode=1;PassCount=1;Laser.RepRate=8.00;ScanSpeed=0.00;PassEnabled=1;ShotCount=520;SpotSpacing=0.00;Laser.SpotSize=40�m Circle;Laser.SpotRotation=0.00,
Spot,T48-3,1,0,1,"8864.00,17938.00,16131.00",Dosage=1;DwellTime=1.00;LineSpacing=100.00;Laser.Output=100.00;Laser.Fluence=10.59;LineScanMode=1;PassCount=1;Laser.RepRate=7.00;ScanSpeed=5.00;PassEnabled=0;ShotCount=10;SpotSpacing=100.00;Laser.SpotSize=15�m Circle;Laser.SpotRotation=0.00,Dosage=0;DwellTime=1.00;LineSpacing=0.00;Laser.Output=100.00;Laser.Fluence=10.59;LineScanMode=1;PassCount=1;Laser.RepRate=8.00;ScanSpeed=0.00;PassEnabled=1;ShotCount=520;SpotSpacing=0.00;Laser.SpotSize=40�m Circle;Laser.SpotRotation=0.00,
Spot,T48-4,1,0,1,"8938.00,17874.50,16131.00",Dosage=1;DwellTime=1.00;LineSpacing=100.00;Laser.Output=100.00;Laser.Fluence=10.59;LineScanMode=1;PassCount=1;Laser.RepRate=7.00;ScanSpeed=5.00;PassEnabled=0;ShotCount=10;SpotSpacing=100.00;Laser.SpotSize=15�m Circle;Laser.SpotRotation=0.00,Dosage=0;DwellTime=1.00;LineSpacing=0.00;Laser.Output=100.00;Laser.Fluence=10.59;LineScanMode=1;PassCount=1;Laser.RepRate=8.00;ScanSpeed=0.00;PassEnabled=1;ShotCount=520;SpotSpacing=0.00;Laser.SpotSize=40�m Circle;Laser.SpotRotation=0.00,
Spot,T48-5,1,0,1,"9055.50,18007.00,16131.00",Dosage=1;DwellTime=1.00;LineSpacing=100.00;Laser.Output=100.00;Laser.Fluence=10.59;LineScanMode=1;PassCount=1;Laser.RepRate=7.00;ScanSpeed=5.00;PassEnabled=0;ShotCount=10;SpotSpacing=100.00;Laser.SpotSize=15�m Circle;Laser.SpotRotation=0.00,Dosage=0;DwellTime=1.00;LineSpacing=0.00;Laser.Output=100.00;Laser.Fluence=10.59;LineScanMode=1;PassCount=1;Laser.RepRate=8.00;ScanSpeed=0.00;PassEnabled=1;ShotCount=520;SpotSpacing=0.00;Laser.SpotSize=40�m Circle;Laser.SpotRotation=0.00,
Spot,T48-6,1,0,1,"8977.50,18130.50,16131.00",Dosage=1;DwellTime=1.00;LineSpacing=100.00;Laser.Output=100.00;Laser.Fluence=10.59;LineScanMode=1;PassCount=1;Laser.RepRate=7.00;ScanSpeed=5.00;PassEnabled=0;ShotCount=10;SpotSpacing=100.00;Laser.SpotSize=15�m Circle;Laser.SpotRotation=0.00,Dosage=0;DwellTime=1.00;LineSpacing=0.00;Laser.Output=100.00;Laser.Fluence=10.59;LineScanMode=1;PassCount=1;Laser.RepRate=8.00;ScanSpeed=0.00;PassEnabled=1;ShotCount=520;SpotSpacing=0.00;Laser.SpotSize=40�m Circle;Laser.SpotRotation=0.00,
Spot,TB-1,1,0,1,"9180.50,16599.00,16131.00",Dosage=1;DwellTime=1.00;LineSpacing=100.00;Laser.Output=100.00;Laser.Fluence=10.59;LineScanMode=1;PassCount=1;Laser.RepRate=7.00;ScanSpeed=5.00;PassEnabled=0;ShotCount=10;SpotSpacing=100.00;Laser.SpotSize=15�m Circle;Laser.SpotRotation=0.00,Dosage=0;DwellTime=1.00;LineSpacing=0.00;Laser.Output=100.00;Laser.Fluence=10.59;LineScanMode=1;PassCount=1;Laser.RepRate=8.00;ScanSpeed=0.00;PassEnabled=1;ShotCount=520;SpotSpacing=0.00;Laser.SpotSize=40�m Circle;Laser.SpotRotation=0.00,
Spot,TB-2,1,0,1,"9094.50,16817.50,16131.00",Dosage=1;DwellTime=1.00;LineSpacing=100.00;Laser.Output=100.00;Laser.Fluence=10.59;LineScanMode=1;PassCount=1;Laser.RepRate=7.00;ScanSpeed=5.00;PassEnabled=0;ShotCount=10;SpotSpacing=100.00;Laser.SpotSize=15�m Circle;Laser.SpotRotation=0.00,Dosage=0;DwellTime=1.00;LineSpacing=0.00;Laser.Output=100.00;Laser.Fluence=10.59;LineScanMode=1;PassCount=1;Laser.RepRate=8.00;ScanSpeed=0.00;PassEnabled=1;ShotCount=520;SpotSpacing=0.00;Laser.SpotSize=40�m Circle;Laser.SpotRotation=0.00,
Spot,TB-3,1,0,1,"9012.00,16898.00,16131.00",Dosage=1;DwellTime=1.00;LineSpacing=100.00;Laser.Output=100.00;Laser.Fluence=10.59;LineScanMode=1;PassCount=1;Laser.RepRate=7.00;ScanSpeed=5.00;PassEnabled=0;ShotCount=10;SpotSpacing=100.00;Laser.SpotSize=15�m Circle;Laser.SpotRotation=0.00,Dosage=0;DwellTime=1.00;LineSpacing=0.00;Laser.Output=100.00;Laser.Fluence=10.59;LineScanMode=1;PassCount=1;Laser.RepRate=8.00;ScanSpeed=0.00;PassEnabled=1;ShotCount=520;SpotSpacing=0.00;Laser.SpotSize=40�m Circle;Laser.SpotRotation=0.00,
Spot,TB-4,1,0,1,"8895.50,16639.00,16131.00",Dosage=1;DwellTime=1.00;LineSpacing=100.00;Laser.Output=100.00;Laser.Fluence=10.59;LineScanMode=1;PassCount=1;Laser.RepRate=7.00;ScanSpeed=5.00;PassEnabled=0;ShotCount=10;SpotSpacing=100.00;Laser.SpotSize=15�m Circle;Laser.SpotRotation=0.00,Dosage=0;DwellTime=1.00;LineSpacing=0.00;Laser.Output=100.00;Laser.Fluence=10.59;LineScanMode=1;PassCount=1;Laser.RepRate=8.00;ScanSpeed=0.00;PassEnabled=1;ShotCount=520;SpotSpacing=0.00;Laser.SpotSize=40�m Circle;Laser.SpotRotation=0.00,
Spot,TB-5,1,0,1,"8878.50,16526.50,16131.00",Dosage=1;DwellTime=1.00;LineSpacing=100.00;Laser.Output=100.00;Laser.Fluence=10.59;LineScanMode=1;PassCount=1;Laser.RepRate=7.00;ScanSpeed=5.00;PassEnabled=0;ShotCount=10;SpotSpacing=100.00;Laser.SpotSize=15�m Circle;Laser.SpotRotation=0.00,Dosage=0;DwellTime=1.00;LineSpacing=0.00;Laser.Output=100.00;Laser.Fluence=10.59;LineScanMode=1;PassCount=1;Laser.RepRate=8.00;ScanSpeed=0.00;PassEnabled=1;ShotCount=520;SpotSpacing=0.00;Laser.SpotSize=40�m Circle;Laser.SpotRotation=0.00,
Spot,TB-6,1,0,1,"8850.00,16445.50,16131.00",Dosage=1;DwellTime=1.00;LineSpacing=100.00;Laser.Output=100.00;Laser.Fluence=10.59;LineScanMode=1;PassCount=1;Laser.RepRate=7.00;ScanSpeed=5.00;PassEnabled=0;ShotCount=10;SpotSpacing=100.00;Laser.SpotSize=15�m Circle;Laser.SpotRotation=0.00,Dosage=0;DwellTime=1.00;LineSpacing=0.00;Laser.Output=100.00;Laser.Fluence=10.59;LineScanMode=1;PassCount=1;Laser.RepRate=8.00;ScanSpeed=0.00;PassEnabled=1;ShotCount=520;SpotSpacing=0.00;Laser.SpotSize=40�m Circle;Laser.SpotRotation=0.00,
Spot,TB-7,1,0,1,"8939.00,16306.00,16131.00",Dosage=1;DwellTime=1.00;LineSpacing=100.00;Laser.Output=100.00;Laser.Fluence=10.59;LineScanMode=1;PassCount=1;Laser.RepRate=7.00;ScanSpeed=5.00;PassEnabled=0;ShotCount=10;SpotSpacing=100.00;Laser.SpotSize=15�m Circle;Laser.SpotRotation=0.00,Dosage=0;DwellTime=1.00;LineSpacing=0.00;Laser.Output=100.00;Laser.Fluence=10.59;LineScanMode=1;PassCount=1;Laser.RepRate=8.00;ScanSpeed=0.00;PassEnabled=1;ShotCount=520;SpotSpacing=0.00;Laser.SpotSize=40�m Circle;Laser.SpotRotation=0.00,
Spot,TB-8,1,0,1,"9000.00,16260.00,16131.00",Dosage=1;DwellTime=1.00;LineSpacing=100.00;Laser.Output=100.00;Laser.Fluence=10.59;LineScanMode=1;PassCount=1;Laser.RepRate=7.00;ScanSpeed=5.00;PassEnabled=0;ShotCount=10;SpotSpacing=100.00;Laser.SpotSize=15�m Circle;Laser.SpotRotation=0.00,Dosage=0;DwellTime=1.00;LineSpacing=0.00;Laser.Output=100.00;Laser.Fluence=10.59;LineScanMode=1;PassCount=1;Laser.RepRate=8.00;ScanSpeed=0.00;PassEnabled=1;ShotCount=520;SpotSpacing=0.00;Laser.SpotSize=40�m Circle;Laser.SpotRotation=0.00,
Spot,TB-9,1,0,1,"8417.50,16426.00,16131.00",Dosage=1;DwellTime=1.00;LineSpacing=100.00;Laser.Output=100.00;Laser.Fluence=10.59;LineScanMode=1;PassCount=1;Laser.RepRate=7.00;ScanSpeed=5.00;PassEnabled=0;ShotCount=10;SpotSpacing=100.00;Laser.SpotSize=15�m Circle;Laser.SpotRotation=0.00,Dosage=0;DwellTime=1.00;LineSpacing=0.00;Laser.Output=100.00;Laser.Fluence=10.59;LineScanMode=1;PassCount=1;Laser.RepRate=8.00;ScanSpeed=0.00;PassEnabled=1;ShotCount=520;SpotSpacing=0.00;Laser.SpotSize=40�m Circle;Laser.SpotRotation=0.00,
Spot,TB-10,1,0,1,"8634.00,16454.00,16131.00",Dosage=1;DwellTime=1.00;LineSpacing=100.00;Laser.Output=100.00;Laser.Fluence=10.59;LineScanMode=1;PassCount=1;Laser.RepRate=7.00;ScanSpeed=5.00;PassEnabled=0;ShotCount=10;SpotSpacing=100.00;Laser.SpotSize=15�m Circle;Laser.SpotRotation=0.00,Dosage=0;DwellTime=1.00;LineSpacing=0.00;Laser.Output=100.00;Laser.Fluence=10.59;LineScanMode=1;PassCount=1;Laser.RepRate=8.00;ScanSpeed=0.00;PassEnabled=1;ShotCount=520;SpotSpacing=0.00;Laser.SpotSize=40�m Circle;Laser.SpotRotation=0.00,
Spot,TB-11,1,0,1,"8547.50,16652.50,16131.00",Dosage=1;DwellTime=1.00;LineSpacing=100.00;Laser.Output=100.00;Laser.Fluence=10.59;LineScanMode=1;PassCount=1;Laser.RepRate=7.00;ScanSpeed=5.00;PassEnabled=0;ShotCount=10;SpotSpacing=100.00;Laser.SpotSize=15�m Circle;Laser.SpotRotation=0.00,Dosage=0;DwellTime=1.00;LineSpacing=0.00;Laser.Output=100.00;Laser.Fluence=10.59;LineScanMode=1;PassCount=1;Laser.RepRate=8.00;ScanSpeed=0.00;PassEnabled=1;ShotCount=520;SpotSpacing=0.00;Laser.SpotSize=40�m Circle;Laser.SpotRotation=0.00,
Spot,TB-12,1,0,1,"8686.50,16179.50,16131.00",Dosage=1;DwellTime=1.00;LineSpacing=100.00;Laser.Output=100.00;Laser.Fluence=10.59;LineScanMode=1;PassCount=1;Laser.RepRate=7.00;ScanSpeed=5.00;PassEnabled=0;ShotCount=10;SpotSpacing=100.00;Laser.SpotSize=15�m Circle;Laser.SpotRotation=0.00,Dosage=0;DwellTime=1.00;LineSpacing=0.00;Laser.Output=100.00;Laser.Fluence=10.59;LineScanMode=1;PassCount=1;Laser.RepRate=8.00;ScanSpeed=0.00;PassEnabled=1;ShotCount=520;SpotSpacing=0.00;Laser.SpotSize=40�m Circle;Laser.SpotRotation=0.00,
Spot,TA-1,1,0,1,"14350.00,16613.00,16151.00",Dosage=1;DwellTime=1.00;LineSpacing=100.00;Laser.Output=100.00;Laser.Fluence=10.59;LineScanMode=1;PassCount=1;Laser.RepRate=7.00;ScanSpeed=5.00;PassEnabled=0;ShotCount=10;SpotSpacing=100.00;Laser.SpotSize=15�m Circle;Laser.SpotRotation=0.00,Dosage=0;DwellTime=1.00;LineSpacing=0.00;Laser.Output=100.00;Laser.Fluence=10.59;LineScanMode=1;PassCount=1;Laser.RepRate=8.00;ScanSpeed=0.00;PassEnabled=1;ShotCount=520;SpotSpacing=0.00;Laser.SpotSize=40�m Circle;Laser.SpotRotation=0.00,
Spot,TA-2,1,0,1,"14390.00,16652.50,16151.00",Dosage=1;DwellTime=1.00;LineSpacing=100.00;Laser.Output=100.00;Laser.Fluence=10.59;LineScanMode=1;PassCount=1;Laser.RepRate=7.00;ScanSpeed=5.00;PassEnabled=0;ShotCount=10;SpotSpacing=100.00;Laser.SpotSize=15�m Circle;Laser.SpotRotation=0.00,Dosage=0;DwellTime=1.00;LineSpacing=0.00;Laser.Output=100.00;Laser.Fluence=10.59;LineScanMode=1;PassCount=1;Laser.RepRate=8.00;ScanSpeed=0.00;PassEnabled=1;ShotCount=520;SpotSpacing=0.00;Laser.SpotSize=40�m Circle;Laser.SpotRotation=0.00,
Spot,TA-3,1,0,1,"14314.50,16676.50,16151.00",Dosage=1;DwellTime=1.00;LineSpacing=100.00;Laser.Output=100.00;Laser.Fluence=10.59;LineScanMode=1;PassCount=1;Laser.RepRate=7.00;ScanSpeed=5.00;PassEnabled=0;ShotCount=10;SpotSpacing=100.00;Laser.SpotSize=15�m Circle;Laser.SpotRotation=0.00,Dosage=0;DwellTime=1.00;LineSpacing=0.00;Laser.Output=100.00;Laser.Fluence=10.59;LineScanMode=1;PassCount=1;Laser.RepRate=8.00;ScanSpeed=0.00;PassEnabled=1;ShotCount=520;SpotSpacing=0.00;Laser.SpotSize=40�m Circle;Laser.SpotRotation=0.00,
Spot,TA-4,1,0,1,"14500.50,16695.50,16151.00",Dosage=1;DwellTime=1.00;LineSpacing=100.00;Laser.Output=100.00;Laser.Fluence=10.59;LineScanMode=1;PassCount=1;Laser.RepRate=7.00;ScanSpeed=5.00;PassEnabled=0;ShotCount=10;SpotSpacing=100.00;Laser.SpotSize=15�m Circle;Laser.SpotRotation=0.00,Dosage=0;DwellTime=1.00;LineSpacing=0.00;Laser.Output=100.00;Laser.Fluence=10.59;LineScanMode=1;PassCount=1;Laser.RepRate=8.00;ScanSpeed=0.00;PassEnabled=1;ShotCount=520;SpotSpacing=0.00;Laser.SpotSize=40�m Circle;Laser.SpotRotation=0.00,
Spot,TA-5,1,0,1,"14369.00,16694.00,16151.00",Dosage=1;DwellTime=1.00;LineSpacing=100.00;Laser.Output=100.00;Laser.Fluence=10.59;LineScanMode=1;PassCount=1;Laser.RepRate=7.00;ScanSpeed=5.00;PassEnabled=0;ShotCount=10;SpotSpacing=100.00;Laser.SpotSize=15�m Circle;Laser.SpotRotation=0.00,Dosage=0;DwellTime=1.00;LineSpacing=0.00;Laser.Output=100.00;Laser.Fluence=10.59;LineScanMode=1;PassCount=1;Laser.RepRate=8.00;ScanSpeed=0.00;PassEnabled=1;ShotCount=520;SpotSpacing=0.00;Laser.SpotSize=40�m Circle;Laser.SpotRotation=0.00,
Spot,MT5,1,0,1,"45712.50,49222.50,16183.00",Dosage=1;DwellTime=1.00;LineSpacing=100.00;Laser.Output=100.00;Laser.Fluence=10.59;LineScanMode=1;PassCount=1;Laser.RepRate=7.00;ScanSpeed=5.00;PassEnabled=0;ShotCount=10;SpotSpacing=100.00;Laser.SpotSize=15�m Circle;Laser.SpotRotation=0.00,Dosage=0;DwellTime=1.00;LineSpacing=0.00;Laser.Output=100.00;Laser.Fluence=10.59;LineScanMode=1;PassCount=1;Laser.RepRate=8.00;ScanSpeed=0.00;PassEnabled=1;ShotCount=520;SpotSpacing=0.00;Laser.SpotSize=40�m Circle;Laser.SpotRotation=0.00,
Spot,R335,1,0,1,"45447.50,45802.50,16187.00",Dosage=1;DwellTime=1.00;LineSpacing=100.00;Laser.Output=100.00;Laser.Fluence=10.59;LineScanMode=1;PassCount=1;Laser.RepRate=7.00;ScanSpeed=5.00;PassEnabled=0;ShotCount=10;SpotSpacing=100.00;Laser.SpotSize=15�m Circle;Laser.SpotRotation=0.00,Dosage=0;DwellTime=1.00;LineSpacing=0.00;Laser.Output=100.00;Laser.Fluence=10.59;LineScanMode=1;PassCount=1;Laser.RepRate=8.00;ScanSpeed=0.00;PassEnabled=1;ShotCount=520;SpotSpacing=0.00;Laser.SpotSize=40�m Circle;Laser.SpotRotation=0.00,
Spot,SLF5,1,0,1,"38299.50,49037.50,16187.00",Dosage=1;DwellTime=1.00;LineSpacing=100.00;Laser.Output=100.00;Laser.Fluence=10.59;LineScanMode=1;PassCount=1;Laser.RepRate=7.00;ScanSpeed=5.00;PassEnabled=0;ShotCount=10;SpotSpacing=100.00;Laser.SpotSize=15�m Circle;Laser.SpotRotation=0.00,Dosage=0;DwellTime=1.00;LineSpacing=0.00;Laser.Output=100.00;Laser.Fluence=10.59;LineScanMode=1;PassCount=1;Laser.RepRate=8.00;ScanSpeed=0.00;PassEnabled=1;ShotCount=520;SpotSpacing=0.00;Laser.SpotSize=40�m Circle;Laser.SpotRotation=0.00,
Spot,TEM5,1,0,1,"39549.50,53869.50,16179.00",Dosage=1;DwellTime=1.00;LineSpacing=100.00;Laser.Output=100.00;Laser.Fluence=10.59;LineScanMode=1;PassCount=1;Laser.RepRate=7.00;ScanSpeed=5.00;PassEnabled=0;ShotCount=10;SpotSpacing=100.00;Laser.SpotSize=15�m Circle;Laser.SpotRotation=0.00,Dosage=0;DwellTime=1.00;LineSpacing=0.00;Laser.Output=100.00;Laser.Fluence=10.59;LineScanMode=1;PassCount=1;Laser.RepRate=8.00;ScanSpeed=0.00;PassEnabled=1;ShotCount=520;SpotSpacing=0.00;Laser.SpotSize=40�m Circle;Laser.SpotRotation=0.00,
Spot,FC-15,1,0,1,"43605.00,55158.00,16183.00",Dosage=1;DwellTime=1.00;LineSpacing=100.00;Laser.Output=100.00;Laser.Fluence=10.59;LineScanMode=1;PassCount=1;Laser.RepRate=7.00;ScanSpeed=5.00;PassEnabled=0;ShotCount=10;SpotSpacing=100.00;Laser.SpotSize=15�m Circle;Laser.SpotRotation=0.00,Dosage=0;DwellTime=1.00;LineSpacing=0.00;Laser.Output=100.00;Laser.Fluence=10.59;LineScanMode=1;PassCount=1;Laser.RepRate=8.00;ScanSpeed=0.00;PassEnabled=1;ShotCount=520;SpotSpacing=0.00;Laser.SpotSize=40�m Circle;Laser.SpotRotation=0.00,
Spot,915005,1,0,1,"50614.00,56081.00,16187.00",Dosage=1;DwellTime=1.00;LineSpacing=100.00;Laser.Output=100.00;Laser.Fluence=10.59;LineScanMode=1;PassCount=1;Laser.RepRate=7.00;ScanSpeed=5.00;PassEnabled=0;ShotCount=10;SpotSpacing=100.00;Laser.SpotSize=15�m Circle;Laser.SpotRotation=0.00,Dosage=0;DwellTime=1.00;LineSpacing=0.00;Laser.Output=100.00;Laser.Fluence=10.59;LineScanMode=1;PassCount=1;Laser.RepRate=8.00;ScanSpeed=0.00;PassEnabled=1;ShotCount=520;SpotSpacing=0.00;Laser.SpotSize=40�m Circle;Laser.SpotRotation=0.00,
Spot,PLES5,1,0,1,"51875.00,48752.50,16195.00",Dosage=1;DwellTime=1.00;LineSpacing=100.00;Laser.Output=100.00;Laser.Fluence=10.59;LineScanMode=1;PassCount=1;Laser.RepRate=7.00;ScanSpeed=5.00;PassEnabled=0;ShotCount=10;SpotSpacing=100.00;Laser.SpotSize=15�m Circle;Laser.SpotRotation=0.00,Dosage=0;DwellTime=1.00;LineSpacing=0.00;Laser.Output=100.00;Laser.Fluence=10.59;LineScanMode=1;PassCount=1;Laser.RepRate=8.00;ScanSpeed=0.00;PassEnabled=1;ShotCount=520;SpotSpacing=0.00;Laser.SpotSize=40�m Circle;Laser.SpotRotation=0.00,
Spot,M14-A,1,0,1,"14175.00,17750.00,16147.00",Dosage=1;DwellTime=1.00;LineSpacing=100.00;Laser.Output=100.00;Laser.Fluence=10.59;LineScanMode=1;PassCount=1;Laser.RepRate=7.00;ScanSpeed=5.00;PassEnabled=0;ShotCount=10;SpotSpacing=100.00;Laser.SpotSize=15�m Circle;Laser.SpotRotation=0.00,Dosage=0;DwellTime=1.00;LineSpacing=0.00;Laser.Output=100.00;Laser.Fluence=10.59;LineScanMode=1;PassCount=1;Laser.RepRate=8.00;ScanSpeed=0.00;PassEnabled=1;ShotCount=520;SpotSpacing=0.00;Laser.SpotSize=40�m Circle;Laser.SpotRotation=0.00,
Spot,M14-B,1,0,1,"14209.00,17690.50,16147.00",Dosage=1;DwellTime=1.00;LineSpacing=100.00;Laser.Output=100.00;Laser.Fluence=10.59;LineScanMode=1;PassCount=1;Laser.RepRate=7.00;ScanSpeed=5.00;PassEnabled=0;ShotCount=10;SpotSpacing=100.00;Laser.SpotSize=15�m Circle;Laser.SpotRotation=0.00,Dosage=0;DwellTime=1.00;LineSpacing=0.00;Laser.Output=100.00;Laser.Fluence=10.59;LineScanMode=1;PassCount=1;Laser.RepRate=8.00;ScanSpeed=0.00;PassEnabled=1;ShotCount=520;SpotSpacing=0.00;Laser.SpotSize=40�m Circle;Laser.SpotRotation=0.00,
Spot,M14-C,1,0,1,"14238.00,17624.00,16147.00",Dosage=1;DwellTime=1.00;LineSpacing=100.00;Laser.Output=100.00;Laser.Fluence=10.59;LineScanMode=1;PassCount=1;Laser.RepRate=7.00;ScanSpeed=5.00;PassEnabled=0;ShotCount=10;SpotSpacing=100.00;Laser.SpotSize=15�m Circle;Laser.SpotRotation=0.00,Dosage=0;DwellTime=1.00;LineSpacing=0.00;Laser.Output=100.00;Laser.Fluence=10.59;LineScanMode=1;PassCount=1;Laser.RepRate=8.00;ScanSpeed=0.00;PassEnabled=1;ShotCount=520;SpotSpacing=0.00;Laser.SpotSize=40�m Circle;Laser.SpotRotation=0.00,
Spot,M14-D,1,0,1,"13539.50,17628.00,16147.00",Dosage=1;DwellTime=1.00;LineSpacing=100.00;Laser.Output=100.00;Laser.Fluence=10.59;LineScanMode=1;PassCount=1;Laser.RepRate=7.00;ScanSpeed=5.00;PassEnabled=0;ShotCount=10;SpotSpacing=100.00;Laser.SpotSize=15�m Circle;Laser.SpotRotation=0.00,Dosage=0;DwellTime=1.00;LineSpacing=0.00;Laser.Output=100.00;Laser.Fluence=10.59;LineScanMode=1;PassCount=1;Laser.RepRate=8.00;ScanSpeed=0.00;PassEnabled=1;ShotCount=520;SpotSpacing=0.00;Laser.SpotSize=40�m Circle;Laser.SpotRotation=0.00,
Spot,M14-E,1,0,1,"13522.00,17593.00,16147.00",Dosage=1;DwellTime=1.00;LineSpacing=100.00;Laser.Output=100.00;Laser.Fluence=10.59;LineScanMode=1;PassCount=1;Laser.RepRate=7.00;ScanSpeed=5.00;PassEnabled=0;ShotCount=10;SpotSpacing=100.00;Laser.SpotSize=15�m Circle;Laser.SpotRotation=0.00,Dosage=0;DwellTime=1.00;LineSpacing=0.00;Laser.Output=100.00;Laser.Fluence=10.59;LineScanMode=1;PassCount=1;Laser.RepRate=8.00;ScanSpeed=0.00;PassEnabled=1;ShotCount=520;SpotSpacing=0.00;Laser.SpotSize=40�m Circle;Laser.SpotRotation=0.00,
Spot,M14-F,1,0,1,"13463.00,17597.00,16147.00",Dosage=1;DwellTime=1.00;LineSpacing=100.00;Laser.Output=100.00;Laser.Fluence=10.59;LineScanMode=1;PassCount=1;Laser.RepRate=7.00;ScanSpeed=5.00;PassEnabled=0;ShotCount=10;SpotSpacing=100.00;Laser.SpotSize=15�m Circle;Laser.SpotRotation=0.00,Dosage=0;DwellTime=1.00;LineSpacing=0.00;Laser.Output=100.00;Laser.Fluence=10.59;LineScanMode=1;PassCount=1;Laser.RepRate=8.00;ScanSpeed=0.00;PassEnabled=1;ShotCount=520;SpotSpacing=0.00;Laser.SpotSize=40�m Circle;Laser.SpotRotation=0.00,
Spot,M14-G,1,0,1,"13582.50,17615.63,16147.00",Dosage=1;DwellTime=1.00;LineSpacing=100.00;Laser.Output=100.00;Laser.Fluence=10.59;LineScanMode=1;PassCount=1;Laser.RepRate=7.00;ScanSpeed=5.00;PassEnabled=0;ShotCount=10;SpotSpacing=100.00;Laser.SpotSize=15�m Circle;Laser.SpotRotation=0.00,Dosage=0;DwellTime=1.00;LineSpacing=0.00;Laser.Output=100.00;Laser.Fluence=10.59;LineScanMode=1;PassCount=1;Laser.RepRate=8.00;ScanSpeed=0.00;PassEnabled=1;ShotCount=520;SpotSpacing=0.00;Laser.SpotSize=40�m Circle;Laser.SpotRotation=0.00,
Spot,M14-H,1,0,1,"13303.50,17564.00,16147.00",Dosage=1;DwellTime=1.00;LineSpacing=100.00;Laser.Output=100.00;Laser.Fluence=10.59;LineScanMode=1;PassCount=1;Laser.RepRate=7.00;ScanSpeed=5.00;PassEnabled=0;ShotCount=10;SpotSpacing=100.00;Laser.SpotSize=15�m Circle;Laser.SpotRotation=0.00,Dosage=0;DwellTime=1.00;LineSpacing=0.00;Laser.Output=100.00;Laser.Fluence=10.59;LineScanMode=1;PassCount=1;Laser.RepRate=8.00;ScanSpeed=0.00;PassEnabled=1;ShotCount=520;SpotSpacing=0.00;Laser.SpotSize=40�m Circle;Laser.SpotRotation=0.00,
Spot,M14-I,1,0,1,"13236.00,17549.50,16147.00",Dosage=1;DwellTime=1.00;LineSpacing=100.00;Laser.Output=100.00;Laser.Fluence=10.59;LineScanMode=1;PassCount=1;Laser.RepRate=7.00;ScanSpeed=5.00;PassEnabled=0;ShotCount=10;SpotSpacing=100.00;Laser.SpotSize=15�m Circle;Laser.SpotRotation=0.00,Dosage=0;DwellTime=1.00;LineSpacing=0.00;Laser.Output=100.00;Laser.Fluence=10.59;LineScanMode=1;PassCount=1;Laser.RepRate=8.00;ScanSpeed=0.00;PassEnabled=1;ShotCount=520;SpotSpacing=0.00;Laser.SpotSize=40�m Circle;Laser.SpotRotation=0.00,
Spot,M14-J,1,0,1,"13101.50,17427.50,16147.00",Dosage=1;DwellTime=1.00;LineSpacing=100.00;Laser.Output=100.00;Laser.Fluence=10.59;LineScanMode=1;PassCount=1;Laser.RepRate=7.00;ScanSpeed=5.00;PassEnabled=0;ShotCount=10;SpotSpacing=100.00;Laser.SpotSize=15�m Circle;Laser.SpotRotation=0.00,Dosage=0;DwellTime=1.00;LineSpacing=0.00;Laser.Output=100.00;Laser.Fluence=10.59;LineScanMode=1;PassCount=1;Laser.RepRate=8.00;ScanSpeed=0.00;PassEnabled=1;ShotCount=520;SpotSpacing=0.00;Laser.SpotSize=40�m Circle;Laser.SpotRotation=0.00,
Spot,M14-K,1,0,1,"13027.50,17421.00,16147.00",Dosage=1;DwellTime=1.00;LineSpacing=100.00;Laser.Output=100.00;Laser.Fluence=10.59;LineScanMode=1;PassCount=1;Laser.RepRate=7.00;ScanSpeed=5.00;PassEnabled=0;ShotCount=10;SpotSpacing=100.00;Laser.SpotSize=15�m Circle;Laser.SpotRotation=0.00,Dosage=0;DwellTime=1.00;LineSpacing=0.00;Laser.Output=100.00;Laser.Fluence=10.59;LineScanMode=1;PassCount=1;Laser.RepRate=8.00;ScanSpeed=0.00;PassEnabled=1;ShotCount=520;SpotSpacing=0.00;Laser.SpotSize=40�m Circle;Laser.SpotRotation=0.00,
Spot,M14-L,1,0,1,"13398.00,17268.00,16147.00",Dosage=1;DwellTime=1.00;LineSpacing=100.00;Laser.Output=100.00;Laser.Fluence=10.59;LineScanMode=1;PassCount=1;Laser.RepRate=7.00;ScanSpeed=5.00;PassEnabled=0;ShotCount=10;SpotSpacing=100.00;Laser.SpotSize=15�m Circle;Laser.SpotRotation=0.00,Dosage=0;DwellTime=1.00;LineSpacing=0.00;Laser.Output=100.00;Laser.Fluence=10.59;LineScanMode=1;PassCount=1;Laser.RepRate=8.00;ScanSpeed=0.00;PassEnabled=1;ShotCount=520;SpotSpacing=0.00;Laser.SpotSize=40�m Circle;Laser.SpotRotation=0.00,
Spot,M14-M,1,0,1,"13333.50,17272.50,16147.00",Dosage=1;DwellTime=1.00;LineSpacing=100.00;Laser.Output=100.00;Laser.Fluence=10.59;LineScanMode=1;PassCount=1;Laser.RepRate=7.00;ScanSpeed=5.00;PassEnabled=0;ShotCount=10;SpotSpacing=100.00;Laser.SpotSize=15�m Circle;Laser.SpotRotation=0.00,Dosage=0;DwellTime=1.00;LineSpacing=0.00;Laser.Output=100.00;Laser.Fluence=10.59;LineScanMode=1;PassCount=1;Laser.RepRate=8.00;ScanSpeed=0.00;PassEnabled=1;ShotCount=520;SpotSpacing=0.00;Laser.SpotSize=40�m Circle;Laser.SpotRotation=0.00,
Spot,M14-N,1,0,1,"13959.00,17434.50,16147.00",Dosage=1;DwellTime=1.00;LineSpacing=100.00;Laser.Output=100.00;Laser.Fluence=10.59;LineScanMode=1;PassCount=1;Laser.RepRate=7.00;ScanSpeed=5.00;PassEnabled=0;ShotCount=10;SpotSpacing=100.00;Laser.SpotSize=15�m Circle;Laser.SpotRotation=0.00,Dosage=0;DwellTime=1.00;LineSpacing=0.00;Laser.Output=100.00;Laser.Fluence=10.59;LineScanMode=1;PassCount=1;Laser.RepRate=8.00;ScanSpeed=0.00;PassEnabled=1;ShotCount=520;SpotSpacing=0.00;Laser.SpotSize=40�m Circle;Laser.SpotRotation=0.00,
Spot,M14-O,1,0,1,"13936.00,17467.00,16147.00",Dosage=1;DwellTime=1.00;LineSpacing=100.00;Laser.Output=100.00;Laser.Fluence=10.59;LineScanMode=1;PassCount=1;Laser.RepRate=7.00;ScanSpeed=5.00;PassEnabled=0;ShotCount=10;SpotSpacing=100.00;Laser.SpotSize=15�m Circle;Laser.SpotRotation=0.00,Dosage=0;DwellTime=1.00;LineSpacing=0.00;Laser.Output=100.00;Laser.Fluence=10.59;LineScanMode=1;PassCount=1;Laser.RepRate=8.00;ScanSpeed=0.00;PassEnabled=1;ShotCount=520;SpotSpacing=0.00;Laser.SpotSize=40�m Circle;Laser.SpotRotation=0.00,
Spot,M14-P,1,0,1,"13859.00,17749.00,16147.00",Dosage=1;DwellTime=1.00;LineSpacing=100.00;Laser.Output=100.00;Laser.Fluence=10.59;LineScanMode=1;PassCount=1;Laser.RepRate=7.00;ScanSpeed=5.00;PassEnabled=0;ShotCount=10;SpotSpacing=100.00;Laser.SpotSize=15�m Circle;Laser.SpotRotation=0.00,Dosage=0;DwellTime=1.00;LineSpacing=0.00;Laser.Output=100.00;Laser.Fluence=10.59;LineScanMode=1;PassCount=1;Laser.RepRate=8.00;ScanSpeed=0.00;PassEnabled=1;ShotCount=520;SpotSpacing=0.00;Laser.SpotSize=40�m Circle;Laser.SpotRotation=0.00,
Spot,M14-Q,1,0,1,"13841.50,17685.50,16147.00",Dosage=1;DwellTime=1.00;LineSpacing=100.00;Laser.Output=100.00;Laser.Fluence=10.59;LineScanMode=1;PassCount=1;Laser.RepRate=7.00;ScanSpeed=5.00;PassEnabled=0;ShotCount=10;SpotSpacing=100.00;Laser.SpotSize=15�m Circle;Laser.SpotRotation=0.00,Dosage=0;DwellTime=1.00;LineSpacing=0.00;Laser.Output=100.00;Laser.Fluence=10.59;LineScanMode=1;PassCount=1;Laser.RepRate=8.00;ScanSpeed=0.00;PassEnabled=1;ShotCount=520;SpotSpacing=0.00;Laser.SpotSize=40�m Circle;Laser.SpotRotation=0.00,
Spot,M14-R,1,0,1,"13699.00,17610.50,16147.00",Dosage=1;DwellTime=1.00;LineSpacing=100.00;Laser.Output=100.00;Laser.Fluence=10.59;LineScanMode=1;PassCount=1;Laser.RepRate=7.00;ScanSpeed=5.00;PassEnabled=0;ShotCount=10;SpotSpacing=100.00;Laser.SpotSize=15�m Circle;Laser.SpotRotation=0.00,Dosage=0;DwellTime=1.00;LineSpacing=0.00;Laser.Output=100.00;Laser.Fluence=10.59;LineScanMode=1;PassCount=1;Laser.RepRate=8.00;ScanSpeed=0.00;PassEnabled=1;ShotCount=520;SpotSpacing=0.00;Laser.SpotSize=40�m Circle;Laser.SpotRotation=0.00,
Spot,M14-S,1,0,1,"13654.50,17588.00,16147.00",Dosage=1;DwellTime=1.00;LineSpacing=100.00;Laser.Output=100.00;Laser.Fluence=10.59;LineScanMode=1;PassCount=1;Laser.RepRate=7.00;ScanSpeed=5.00;PassEnabled=0;ShotCount=10;SpotSpacing=100.00;Laser.SpotSize=15�m Circle;Laser.SpotRotation=0.00,Dosage=0;DwellTime=1.00;LineSpacing=0.00;Laser.Output=100.00;Laser.Fluence=10.59;LineScanMode=1;PassCount=1;Laser.RepRate=8.00;ScanSpeed=0.00;PassEnabled=1;ShotCount=520;SpotSpacing=0.00;Laser.SpotSize=40�m Circle;Laser.SpotRotation=0.00,
Spot,M14-T,1,0,1,"13115.50,17305.50,16147.00",Dosage=1;DwellTime=1.00;LineSpacing=100.00;Laser.Output=100.00;Laser.Fluence=10.59;LineScanMode=1;PassCount=1;Laser.RepRate=7.00;ScanSpeed=5.00;PassEnabled=0;ShotCount=10;SpotSpacing=100.00;Laser.SpotSize=15�m Circle;Laser.SpotRotation=0.00,Dosage=0;DwellTime=1.00;LineSpacing=0.00;Laser.Output=100.00;Laser.Fluence=10.59;LineScanMode=1;PassCount=1;Laser.RepRate=8.00;ScanSpeed=0.00;PassEnabled=1;ShotCount=520;SpotSpacing=0.00;Laser.SpotSize=40�m Circle;Laser.SpotRotation=0.00,
Spot,MT6,1,0,1,"45092.50,49432.50,16183.00",Dosage=1;DwellTime=1.00;LineSpacing=100.00;Laser.Output=100.00;Laser.Fluence=10.59;LineScanMode=1;PassCount=1;Laser.RepRate=7.00;ScanSpeed=5.00;PassEnabled=0;ShotCount=10;SpotSpacing=100.00;Laser.SpotSize=15�m Circle;Laser.SpotRotation=0.00,Dosage=0;DwellTime=1.00;LineSpacing=0.00;Laser.Output=100.00;Laser.Fluence=10.59;LineScanMode=1;PassCount=1;Laser.RepRate=8.00;ScanSpeed=0.00;PassEnabled=1;ShotCount=520;SpotSpacing=0.00;Laser.SpotSize=40�m Circle;Laser.SpotRotation=0.00,
Spot,R336,1,0,1,"45514.00,46110.00,16187.00",Dosage=1;DwellTime=1.00;LineSpacing=100.00;Laser.Output=100.00;Laser.Fluence=10.59;LineScanMode=1;PassCount=1;Laser.RepRate=7.00;ScanSpeed=5.00;PassEnabled=0;ShotCount=10;SpotSpacing=100.00;Laser.SpotSize=15�m Circle;Laser.SpotRotation=0.00,Dosage=0;DwellTime=1.00;LineSpacing=0.00;Laser.Output=100.00;Laser.Fluence=10.59;LineScanMode=1;PassCount=1;Laser.RepRate=8.00;ScanSpeed=0.00;PassEnabled=1;ShotCount=520;SpotSpacing=0.00;Laser.SpotSize=40�m Circle;Laser.SpotRotation=0.00,
Spot,SLF6,1,0,1,"38137.50,49167.50,16187.00",Dosage=1;DwellTime=1.00;LineSpacing=100.00;Laser.Output=100.00;Laser.Fluence=10.59;LineScanMode=1;PassCount=1;Laser.RepRate=7.00;ScanSpeed=5.00;PassEnabled=0;ShotCount=10;SpotSpacing=100.00;Laser.SpotSize=15�m Circle;Laser.SpotRotation=0.00,Dosage=0;DwellTime=1.00;LineSpacing=0.00;Laser.Output=100.00;Laser.Fluence=10.59;LineScanMode=1;PassCount=1;Laser.RepRate=8.00;ScanSpeed=0.00;PassEnabled=1;ShotCount=520;SpotSpacing=0.00;Laser.SpotSize=40�m Circle;Laser.SpotRotation=0.00,
Spot,TEM6,1,0,1,"39404.00,53900.00,16179.00",Dosage=1;DwellTime=1.00;LineSpacing=100.00;Laser.Output=100.00;Laser.Fluence=10.59;LineScanMode=1;PassCount=1;Laser.RepRate=7.00;ScanSpeed=5.00;PassEnabled=0;ShotCount=10;SpotSpacing=100.00;Laser.SpotSize=15�m Circle;Laser.SpotRotation=0.00,Dosage=0;DwellTime=1.00;LineSpacing=0.00;Laser.Output=100.00;Laser.Fluence=10.59;LineScanMode=1;PassCount=1;Laser.RepRate=8.00;ScanSpeed=0.00;PassEnabled=1;ShotCount=520;SpotSpacing=0.00;Laser.SpotSize=40�m Circle;Laser.SpotRotation=0.00,
Spot,FC-16,1,0,1,"43492.00,55197.50,16183.00",Dosage=1;DwellTime=1.00;LineSpacing=100.00;Laser.Output=100.00;Laser.Fluence=10.59;LineScanMode=1;PassCount=1;Laser.RepRate=7.00;ScanSpeed=5.00;PassEnabled=0;ShotCount=10;SpotSpacing=100.00;Laser.SpotSize=15�m Circle;Laser.SpotRotation=0.00,Dosage=0;DwellTime=1.00;LineSpacing=0.00;Laser.Output=100.00;Laser.Fluence=10.59;LineScanMode=1;PassCount=1;Laser.RepRate=8.00;ScanSpeed=0.00;PassEnabled=1;ShotCount=520;SpotSpacing=0.00;Laser.SpotSize=40�m Circle;Laser.SpotRotation=0.00,
Spot,915006,1,0,1,"50745.00,55906.00,16187.00",Dosage=1;DwellTime=1.00;LineSpacing=100.00;Laser.Output=100.00;Laser.Fluence=10.59;LineScanMode=1;PassCount=1;Laser.RepRate=7.00;ScanSpeed=5.00;PassEnabled=0;ShotCount=10;SpotSpacing=100.00;Laser.SpotSize=15�m Circle;Laser.SpotRotation=0.00,Dosage=0;DwellTime=1.00;LineSpacing=0.00;Laser.Output=100.00;Laser.Fluence=10.59;LineScanMode=1;PassCount=1;Laser.RepRate=8.00;ScanSpeed=0.00;PassEnabled=1;ShotCount=520;SpotSpacing=0.00;Laser.SpotSize=40�m Circle;Laser.SpotRotation=0.00,
Spot,PLES6,1,0,1,"51682.50,48811.00,16195.00",Dosage=1;DwellTime=1.00;LineSpacing=100.00;Laser.Output=100.00;Laser.Fluence=10.59;LineScanMode=1;PassCount=1;Laser.RepRate=7.00;ScanSpeed=5.00;PassEnabled=0;ShotCount=10;SpotSpacing=100.00;Laser.SpotSize=15�m Circle;Laser.SpotRotation=0.00,Dosage=0;DwellTime=1.00;LineSpacing=0.00;Laser.Output=100.00;Laser.Fluence=10.59;LineScanMode=1;PassCount=1;Laser.RepRate=8.00;ScanSpeed=0.00;PassEnabled=1;ShotCount=520;SpotSpacing=0.00;Laser.SpotSize=40�m Circle;Laser.SpotRotation=0.00,
Spot,M7-A,1,0,1,"12248.50,16922.50,16147.00",Dosage=1;DwellTime=1.00;LineSpacing=100.00;Laser.Output=100.00;Laser.Fluence=10.59;LineScanMode=1;PassCount=1;Laser.RepRate=7.00;ScanSpeed=5.00;PassEnabled=0;ShotCount=10;SpotSpacing=100.00;Laser.SpotSize=15�m Circle;Laser.SpotRotation=0.00,Dosage=0;DwellTime=1.00;LineSpacing=0.00;Laser.Output=100.00;Laser.Fluence=10.59;LineScanMode=1;PassCount=1;Laser.RepRate=8.00;ScanSpeed=0.00;PassEnabled=1;ShotCount=520;SpotSpacing=0.00;Laser.SpotSize=40�m Circle;Laser.SpotRotation=0.00,
Spot,M7-B,1,0,1,"12175.50,16903.50,16147.00",Dosage=1;DwellTime=1.00;LineSpacing=100.00;Laser.Output=100.00;Laser.Fluence=10.59;LineScanMode=1;PassCount=1;Laser.RepRate=7.00;ScanSpeed=5.00;PassEnabled=0;ShotCount=10;SpotSpacing=100.00;Laser.SpotSize=15�m Circle;Laser.SpotRotation=0.00,Dosage=0;DwellTime=1.00;LineSpacing=0.00;Laser.Output=100.00;Laser.Fluence=10.59;LineScanMode=1;PassCount=1;Laser.RepRate=8.00;ScanSpeed=0.00;PassEnabled=1;ShotCount=520;SpotSpacing=0.00;Laser.SpotSize=40�m Circle;Laser.SpotRotation=0.00,
Spot,M7-C,1,0,1,"12125.50,16896.00,16147.00",Dosage=1;DwellTime=1.00;LineSpacing=100.00;Laser.Output=100.00;Laser.Fluence=10.59;LineScanMode=1;PassCount=1;Laser.RepRate=7.00;ScanSpeed=5.00;PassEnabled=0;ShotCount=10;SpotSpacing=100.00;Laser.SpotSize=15�m Circle;Laser.SpotRotation=0.00,Dosage=0;DwellTime=1.00;LineSpacing=0.00;Laser.Output=100.00;Laser.Fluence=10.59;LineScanMode=1;PassCount=1;Laser.RepRate=8.00;ScanSpeed=0.00;PassEnabled=1;ShotCount=520;SpotSpacing=0.00;Laser.SpotSize=40�m Circle;Laser.SpotRotation=0.00,
Spot,M7-D,1,0,1,"12209.50,16660.00,16147.00",Dosage=1;DwellTime=1.00;LineSpacing=100.00;Laser.Output=100.00;Laser.Fluence=10.59;LineScanMode=1;PassCount=1;Laser.RepRate=7.00;ScanSpeed=5.00;PassEnabled=0;ShotCount=10;SpotSpacing=100.00;Laser.SpotSize=15�m Circle;Laser.SpotRotation=0.00,Dosage=0;DwellTime=1.00;LineSpacing=0.00;Laser.Output=100.00;Laser.Fluence=10.59;LineScanMode=1;PassCount=1;Laser.RepRate=8.00;ScanSpeed=0.00;PassEnabled=1;ShotCount=520;SpotSpacing=0.00;Laser.SpotSize=40�m Circle;Laser.SpotRotation=0.00,
Spot,M7-E,1,0,1,"12181.50,16699.00,16147.00",Dosage=1;DwellTime=1.00;LineSpacing=100.00;Laser.Output=100.00;Laser.Fluence=10.59;LineScanMode=1;PassCount=1;Laser.RepRate=7.00;ScanSpeed=5.00;PassEnabled=0;ShotCount=10;SpotSpacing=100.00;Laser.SpotSize=15�m Circle;Laser.SpotRotation=0.00,Dosage=0;DwellTime=1.00;LineSpacing=0.00;Laser.Output=100.00;Laser.Fluence=10.59;LineScanMode=1;PassCount=1;Laser.RepRate=8.00;ScanSpeed=0.00;PassEnabled=1;ShotCount=520;SpotSpacing=0.00;Laser.SpotSize=40�m Circle;Laser.SpotRotation=0.00,
Spot,M7-G,1,0,1,"12041.50,16770.50,16147.00",Dosage=1;DwellTime=1.00;LineSpacing=100.00;Laser.Output=100.00;Laser.Fluence=10.59;LineScanMode=1;PassCount=1;Laser.RepRate=7.00;ScanSpeed=5.00;PassEnabled=0;ShotCount=10;SpotSpacing=100.00;Laser.SpotSize=15�m Circle;Laser.SpotRotation=0.00,Dosage=0;DwellTime=1.00;LineSpacing=0.00;Laser.Output=100.00;Laser.Fluence=10.59;LineScanMode=1;PassCount=1;Laser.RepRate=8.00;ScanSpeed=0.00;PassEnabled=1;ShotCount=520;SpotSpacing=0.00;Laser.SpotSize=40�m Circle;Laser.SpotRotation=0.00,
Spot,M7-H,1,0,1,"11980.50,16739.00,16147.00",Dosage=1;DwellTime=1.00;LineSpacing=100.00;Laser.Output=100.00;Laser.Fluence=10.59;LineScanMode=1;PassCount=1;Laser.RepRate=7.00;ScanSpeed=5.00;PassEnabled=0;ShotCount=10;SpotSpacing=100.00;Laser.SpotSize=15�m Circle;Laser.SpotRotation=0.00,Dosage=0;DwellTime=1.00;LineSpacing=0.00;Laser.Output=100.00;Laser.Fluence=10.59;LineScanMode=1;PassCount=1;Laser.RepRate=8.00;ScanSpeed=0.00;PassEnabled=1;ShotCount=520;SpotSpacing=0.00;Laser.SpotSize=40�m Circle;Laser.SpotRotation=0.00,
Spot,M7-I,1,0,1,"11992.00,17048.50,16147.00",Dosage=1;DwellTime=1.00;LineSpacing=100.00;Laser.Output=100.00;Laser.Fluence=10.59;LineScanMode=1;PassCount=1;Laser.RepRate=7.00;ScanSpeed=5.00;PassEnabled=0;ShotCount=10;SpotSpacing=100.00;Laser.SpotSize=15�m Circle;Laser.SpotRotation=0.00,Dosage=0;DwellTime=1.00;LineSpacing=0.00;Laser.Output=100.00;Laser.Fluence=10.59;LineScanMode=1;PassCount=1;Laser.RepRate=8.00;ScanSpeed=0.00;PassEnabled=1;ShotCount=520;SpotSpacing=0.00;Laser.SpotSize=40�m Circle;Laser.SpotRotation=0.00,
Spot,M7-J,1,0,1,"11908.50,17036.50,16147.00",Dosage=1;DwellTime=1.00;LineSpacing=100.00;Laser.Output=100.00;Laser.Fluence=10.59;LineScanMode=1;PassCount=1;Laser.RepRate=7.00;ScanSpeed=5.00;PassEnabled=0;ShotCount=10;SpotSpacing=100.00;Laser.SpotSize=15�m Circle;Laser.SpotRotation=0.00,Dosage=0;DwellTime=1.00;LineSpacing=0.00;Laser.Output=100.00;Laser.Fluence=10.59;LineScanMode=1;PassCount=1;Laser.RepRate=8.00;ScanSpeed=0.00;PassEnabled=1;ShotCount=520;SpotSpacing=0.00;Laser.SpotSize=40�m Circle;Laser.SpotRotation=0.00,
Spot,M7-K,1,0,1,"11846.50,17044.50,16147.00",Dosage=1;DwellTime=1.00;LineSpacing=100.00;Laser.Output=100.00;Laser.Fluence=10.59;LineScanMode=1;PassCount=1;Laser.RepRate=7.00;ScanSpeed=5.00;PassEnabled=0;ShotCount=10;SpotSpacing=100.00;Laser.SpotSize=15�m Circle;Laser.SpotRotation=0.00,Dosage=0;DwellTime=1.00;LineSpacing=0.00;Laser.Output=100.00;Laser.Fluence=10.59;LineScanMode=1;PassCount=1;Laser.RepRate=8.00;ScanSpeed=0.00;PassEnabled=1;ShotCount=520;SpotSpacing=0.00;Laser.SpotSize=40�m Circle;Laser.SpotRotation=0.00,
Spot,M7-L,1,0,1,"11889.50,17227.50,16147.00",Dosage=1;DwellTime=1.00;LineSpacing=100.00;Laser.Output=100.00;Laser.Fluence=10.59;LineScanMode=1;PassCount=1;Laser.RepRate=7.00;ScanSpeed=5.00;PassEnabled=0;ShotCount=10;SpotSpacing=100.00;Laser.SpotSize=15�m Circle;Laser.SpotRotation=0.00,Dosage=0;DwellTime=1.00;LineSpacing=0.00;Laser.Output=100.00;Laser.Fluence=10.59;LineScanMode=1;PassCount=1;Laser.RepRate=8.00;ScanSpeed=0.00;PassEnabled=1;ShotCount=520;SpotSpacing=0.00;Laser.SpotSize=40�m Circle;Laser.SpotRotation=0.00,
Spot,M7-M,1,0,1,"11846.50,17209.00,16147.00",Dosage=1;DwellTime=1.00;LineSpacing=100.00;Laser.Output=100.00;Laser.Fluence=10.59;LineScanMode=1;PassCount=1;Laser.RepRate=7.00;ScanSpeed=5.00;PassEnabled=0;ShotCount=10;SpotSpacing=100.00;Laser.SpotSize=15�m Circle;Laser.SpotRotation=0.00,Dosage=0;DwellTime=1.00;LineSpacing=0.00;Laser.Output=100.00;Laser.Fluence=10.59;LineScanMode=1;PassCount=1;Laser.RepRate=8.00;ScanSpeed=0.00;PassEnabled=1;ShotCount=520;SpotSpacing=0.00;Laser.SpotSize=40�m Circle;Laser.SpotRotation=0.00,
Spot,M7-N,1,0,1,"11794.00,17186.50,16147.00",Dosage=1;DwellTime=1.00;LineSpacing=100.00;Laser.Output=100.00;Laser.Fluence=10.59;LineScanMode=1;PassCount=1;Laser.RepRate=7.00;ScanSpeed=5.00;PassEnabled=0;ShotCount=10;SpotSpacing=100.00;Laser.SpotSize=15�m Circle;Laser.SpotRotation=0.00,Dosage=0;DwellTime=1.00;LineSpacing=0.00;Laser.Output=100.00;Laser.Fluence=10.59;LineScanMode=1;PassCount=1;Laser.RepRate=8.00;ScanSpeed=0.00;PassEnabled=1;ShotCount=520;SpotSpacing=0.00;Laser.SpotSize=40�m Circle;Laser.SpotRotation=0.00,
Spot,MT7,1,0,1,"44240.00,48160.00,16183.00",Dosage=1;DwellTime=1.00;LineSpacing=100.00;Laser.Output=100.00;Laser.Fluence=10.59;LineScanMode=1;PassCount=1;Laser.RepRate=7.00;ScanSpeed=5.00;PassEnabled=0;ShotCount=10;SpotSpacing=100.00;Laser.SpotSize=15�m Circle;Laser.SpotRotation=0.00,Dosage=0;DwellTime=1.00;LineSpacing=0.00;Laser.Output=100.00;Laser.Fluence=10.59;LineScanMode=1;PassCount=1;Laser.RepRate=8.00;ScanSpeed=0.00;PassEnabled=1;ShotCount=520;SpotSpacing=0.00;Laser.SpotSize=40�m Circle;Laser.SpotRotation=0.00,
Spot,R337,1,0,1,"45307.50,46026.00,16187.00",Dosage=1;DwellTime=1.00;LineSpacing=100.00;Laser.Output=100.00;Laser.Fluence=10.59;LineScanMode=1;PassCount=1;Laser.RepRate=7.00;ScanSpeed=5.00;PassEnabled=0;ShotCount=10;SpotSpacing=100.00;Laser.SpotSize=15�m Circle;Laser.SpotRotation=0.00,Dosage=0;DwellTime=1.00;LineSpacing=0.00;Laser.Output=100.00;Laser.Fluence=10.59;LineScanMode=1;PassCount=1;Laser.RepRate=8.00;ScanSpeed=0.00;PassEnabled=1;ShotCount=520;SpotSpacing=0.00;Laser.SpotSize=40�m Circle;Laser.SpotRotation=0.00,
Spot,SLF7,1,0,1,"38009.00,49319.00,16187.00",Dosage=1;DwellTime=1.00;LineSpacing=100.00;Laser.Output=100.00;Laser.Fluence=10.59;LineScanMode=1;PassCount=1;Laser.RepRate=7.00;ScanSpeed=5.00;PassEnabled=0;ShotCount=10;SpotSpacing=100.00;Laser.SpotSize=15�m Circle;Laser.SpotRotation=0.00,Dosage=0;DwellTime=1.00;LineSpacing=0.00;Laser.Output=100.00;Laser.Fluence=10.59;LineScanMode=1;PassCount=1;Laser.RepRate=8.00;ScanSpeed=0.00;PassEnabled=1;ShotCount=520;SpotSpacing=0.00;Laser.SpotSize=40�m Circle;Laser.SpotRotation=0.00,
Spot,TEM7,1,0,1,"39106.50,53869.50,16179.00",Dosage=1;DwellTime=1.00;LineSpacing=100.00;Laser.Output=100.00;Laser.Fluence=10.59;LineScanMode=1;PassCount=1;Laser.RepRate=7.00;ScanSpeed=5.00;PassEnabled=0;ShotCount=10;SpotSpacing=100.00;Laser.SpotSize=15�m Circle;Laser.SpotRotation=0.00,Dosage=0;DwellTime=1.00;LineSpacing=0.00;Laser.Output=100.00;Laser.Fluence=10.59;LineScanMode=1;PassCount=1;Laser.RepRate=8.00;ScanSpeed=0.00;PassEnabled=1;ShotCount=520;SpotSpacing=0.00;Laser.SpotSize=40�m Circle;Laser.SpotRotation=0.00,
Spot,FC-17,1,0,1,"43427.50,55067.00,16183.00",Dosage=1;DwellTime=1.00;LineSpacing=100.00;Laser.Output=100.00;Laser.Fluence=10.59;LineScanMode=1;PassCount=1;Laser.RepRate=7.00;ScanSpeed=5.00;PassEnabled=0;ShotCount=10;SpotSpacing=100.00;Laser.SpotSize=15�m Circle;Laser.SpotRotation=0.00,Dosage=0;DwellTime=1.00;LineSpacing=0.00;Laser.Output=100.00;Laser.Fluence=10.59;LineScanMode=1;PassCount=1;Laser.RepRate=8.00;ScanSpeed=0.00;PassEnabled=1;ShotCount=520;SpotSpacing=0.00;Laser.SpotSize=40�m Circle;Laser.SpotRotation=0.00,
Spot,915007,1,0,1,"50934.00,55902.50,16187.00",Dosage=1;DwellTime=1.00;LineSpacing=100.00;Laser.Output=100.00;Laser.Fluence=10.59;LineScanMode=1;PassCount=1;Laser.RepRate=7.00;ScanSpeed=5.00;PassEnabled=0;ShotCount=10;SpotSpacing=100.00;Laser.SpotSize=15�m Circle;Laser.SpotRotation=0.00,Dosage=0;DwellTime=1.00;LineSpacing=0.00;Laser.Output=100.00;Laser.Fluence=10.59;LineScanMode=1;PassCount=1;Laser.RepRate=8.00;ScanSpeed=0.00;PassEnabled=1;ShotCount=520;SpotSpacing=0.00;Laser.SpotSize=40�m Circle;Laser.SpotRotation=0.00,
Spot,PLES7,1,0,1,"51607.50,48631.00,16195.00",Dosage=1;DwellTime=1.00;LineSpacing=100.00;Laser.Output=100.00;Laser.Fluence=10.59;LineScanMode=1;PassCount=1;Laser.RepRate=7.00;ScanSpeed=5.00;PassEnabled=0;ShotCount=10;SpotSpacing=100.00;Laser.SpotSize=15�m Circle;Laser.SpotRotation=0.00,Dosage=0;DwellTime=1.00;LineSpacing=0.00;Laser.Output=100.00;Laser.Fluence=10.59;LineScanMode=1;PassCount=1;Laser.RepRate=8.00;ScanSpeed=0.00;PassEnabled=1;ShotCount=520;SpotSpacing=0.00;Laser.SpotSize=40�m Circle;Laser.SpotRotation=0.00,
Spot,MT8,1,0,1,"42810.00,49820.00,16183.00",Dosage=1;DwellTime=1.00;LineSpacing=100.00;Laser.Output=100.00;Laser.Fluence=10.59;LineScanMode=1;PassCount=1;Laser.RepRate=7.00;ScanSpeed=5.00;PassEnabled=0;ShotCount=10;SpotSpacing=100.00;Laser.SpotSize=15�m Circle;Laser.SpotRotation=0.00,Dosage=0;DwellTime=1.00;LineSpacing=0.00;Laser.Output=100.00;Laser.Fluence=10.59;LineScanMode=1;PassCount=1;Laser.RepRate=8.00;ScanSpeed=0.00;PassEnabled=1;ShotCount=520;SpotSpacing=0.00;Laser.SpotSize=40�m Circle;Laser.SpotRotation=0.00,
Spot,R338,1,0,1,"45265.00,46346.00,16187.00",Dosage=1;DwellTime=1.00;LineSpacing=100.00;Laser.Output=100.00;Laser.Fluence=10.59;LineScanMode=1;PassCount=1;Laser.RepRate=7.00;ScanSpeed=5.00;PassEnabled=0;ShotCount=10;SpotSpacing=100.00;Laser.SpotSize=15�m Circle;Laser.SpotRotation=0.00,Dosage=0;DwellTime=1.00;LineSpacing=0.00;Laser.Output=100.00;Laser.Fluence=10.59;LineScanMode=1;PassCount=1;Laser.RepRate=8.00;ScanSpeed=0.00;PassEnabled=1;ShotCount=520;SpotSpacing=0.00;Laser.SpotSize=40�m Circle;Laser.SpotRotation=0.00,
Spot,SLF8,1,0,1,"38396.50,49242.50,16187.00",Dosage=1;DwellTime=1.00;LineSpacing=100.00;Laser.Output=100.00;Laser.Fluence=10.59;LineScanMode=1;PassCount=1;Laser.RepRate=7.00;ScanSpeed=5.00;PassEnabled=0;ShotCount=10;SpotSpacing=100.00;Laser.SpotSize=15�m Circle;Laser.SpotRotation=0.00,Dosage=0;DwellTime=1.00;LineSpacing=0.00;Laser.Output=100.00;Laser.Fluence=10.59;LineScanMode=1;PassCount=1;Laser.RepRate=8.00;ScanSpeed=0.00;PassEnabled=1;ShotCount=520;SpotSpacing=0.00;Laser.SpotSize=40�m Circle;Laser.SpotRotation=0.00,
Spot,TEM8,1,0,1,"39127.00,53771.00,16179.00",Dosage=1;DwellTime=1.00;LineSpacing=100.00;Laser.Output=100.00;Laser.Fluence=10.59;LineScanMode=1;PassCount=1;Laser.RepRate=7.00;ScanSpeed=5.00;PassEnabled=0;ShotCount=10;SpotSpacing=100.00;Laser.SpotSize=15�m Circle;Laser.SpotRotation=0.00,Dosage=0;DwellTime=1.00;LineSpacing=0.00;Laser.Output=100.00;Laser.Fluence=10.59;LineScanMode=1;PassCount=1;Laser.RepRate=8.00;ScanSpeed=0.00;PassEnabled=1;ShotCount=520;SpotSpacing=0.00;Laser.SpotSize=40�m Circle;Laser.SpotRotation=0.00,
Spot,FC-18,1,0,1,"43574.00,55220.50,16183.00",Dosage=1;DwellTime=1.00;LineSpacing=100.00;Laser.Output=100.00;Laser.Fluence=10.59;LineScanMode=1;PassCount=1;Laser.RepRate=7.00;ScanSpeed=5.00;PassEnabled=0;ShotCount=10;SpotSpacing=100.00;Laser.SpotSize=15�m Circle;Laser.SpotRotation=0.00,Dosage=0;DwellTime=1.00;LineSpacing=0.00;Laser.Output=100.00;Laser.Fluence=10.59;LineScanMode=1;PassCount=1;Laser.RepRate=8.00;ScanSpeed=0.00;PassEnabled=1;ShotCount=520;SpotSpacing=0.00;Laser.SpotSize=40�m Circle;Laser.SpotRotation=0.00,
Spot,915008,1,0,1,"50982.50,56092.50,16187.00",Dosage=1;DwellTime=1.00;LineSpacing=100.00;Laser.Output=100.00;Laser.Fluence=10.59;LineScanMode=1;PassCount=1;Laser.RepRate=7.00;ScanSpeed=5.00;PassEnabled=0;ShotCount=10;SpotSpacing=100.00;Laser.SpotSize=15�m Circle;Laser.SpotRotation=0.00,Dosage=0;DwellTime=1.00;LineSpacing=0.00;Laser.Output=100.00;Laser.Fluence=10.59;LineScanMode=1;PassCount=1;Laser.RepRate=8.00;ScanSpeed=0.00;PassEnabled=1;ShotCount=520;SpotSpacing=0.00;Laser.SpotSize=40�m Circle;Laser.SpotRotation=0.00,
Spot,PLES8,1,0,1,"51382.50,48637.50,16195.00",Dosage=1;DwellTime=1.00;LineSpacing=100.00;Laser.Output=100.00;Laser.Fluence=10.59;LineScanMode=1;PassCount=1;Laser.RepRate=7.00;ScanSpeed=5.00;PassEnabled=0;ShotCount=10;SpotSpacing=100.00;Laser.SpotSize=15�m Circle;Laser.SpotRotation=0.00,Dosage=0;DwellTime=1.00;LineSpacing=0.00;Laser.Output=100.00;Laser.Fluence=10.59;LineScanMode=1;PassCount=1;Laser.RepRate=8.00;ScanSpeed=0.00;PassEnabled=1;ShotCount=520;SpotSpacing=0.00;Laser.SpotSize=40�m Circle;Laser.SpotRotation=0.00,